sample_name	gene_name	variant	variant_type	variant_pos	allele_change	conf_grading	associated_drug
sample_01	whiB6	-74_del_1_gc_g	upstream_gene_variant	4338595	GC/G	Not_assoc_w_R	AMI
sample_01	aftB	K522R	missense_variant	4267272	T/C	Uncertain_significance	AMI
sample_01	gyrA	E21Q	missense_variant	7362	G/C	Not_assoc_w_R	LEV
sample_01	gyrA	S95T	missense_variant	7585	G/C	Not_assoc_w_R	LEV
sample_01	gyrA	G668D	missense_variant	9304	G/A	Not_assoc_w_R	LEV
sample_01	whiB6	-74_del_1_gc_g	upstream_gene_variant	4338595	GC/G	Not_assoc_w_R	CAP
sample_01	aftB	K522R	missense_variant	4267272	T/C	Uncertain_significance	CAP
sample_01	rpsL	t-165c	upstream_gene_variant	781395	T/C	Not_assoc_w_R	STM
sample_01	whiB6	-74_del_1_gc_g	upstream_gene_variant	4338595	GC/G	Not_assoc_w_R	STM
sample_01	gyrA	E21Q	missense_variant	7362	G/C	Not_assoc_w_R	MXF
sample_01	gyrA	S95T	missense_variant	7585	G/C	Not_assoc_w_R	MXF
sample_01	gyrA	G668D	missense_variant	9304	G/A	Not_assoc_w_R	MXF
sample_01	mmpL5	I948V	missense_variant	775639	T/C	Not_assoc_w_R	BDQ
sample_01	Rv1979c	a-129g	upstream_gene_variant	2223293	T/C	Not_assoc_w_R	BDQ
sample_01	Rv3083	H22D	missense_variant	3448567	C/G	Uncertain_significance	ETH
sample_01	mmpL5	I948V	missense_variant	775639	T/C	Not_assoc_w_R	CFZ
sample_01	Rv1979c	a-129g	upstream_gene_variant	2223293	T/C	Not_assoc_w_R	CFZ
sample_02	whiB6	-74_del_1_gc_g	upstream_gene_variant	4338595	GC/G	Not_assoc_w_R	AMI
sample_02	aftB	K522R	missense_variant	4267272	T/C	Uncertain_significance	AMI
sample_02	gyrA	E21Q	missense_variant	7362	G/C	Not_assoc_w_R	LEV
sample_02	gyrA	S95T	missense_variant	7585	G/C	Not_assoc_w_R	LEV
sample_02	gyrA	G668D	missense_variant	9304	G/A	Not_assoc_w_R	LEV
sample_02	whiB6	-74_del_1_gc_g	upstream_gene_variant	4338595	GC/G	Not_assoc_w_R	CAP
sample_02	aftB	K522R	missense_variant	4267272	T/C	Uncertain_significance	CAP
sample_02	rpsL	t-165c	upstream_gene_variant	781395	T/C	Not_assoc_w_R	STM
sample_02	whiB6	-74_del_1_gc_g	upstream_gene_variant	4338595	GC/G	Not_assoc_w_R	STM
sample_02	gyrA	E21Q	missense_variant	7362	G/C	Not_assoc_w_R	MXF
sample_02	gyrA	S95T	missense_variant	7585	G/C	Not_assoc_w_R	MXF
sample_02	gyrA	G668D	missense_variant	9304	G/A	Not_assoc_w_R	MXF
sample_02	mmpL5	I948V	missense_variant	775639	T/C	Not_assoc_w_R	BDQ
sample_02	Rv1979c	a-129g	upstream_gene_variant	2223293	T/C	Not_assoc_w_R	BDQ
sample_02	Rv3083	H22D	missense_variant	3448567	C/G	Uncertain_significance	ETH
sample_02	mmpL5	I948V	missense_variant	775639	T/C	Not_assoc_w_R	CFZ
sample_02	Rv1979c	a-129g	upstream_gene_variant	2223293	T/C	Not_assoc_w_R	CFZ
sample_09	whiB6	-74_del_1_gc_g	upstream_gene_variant	4338595	GC/G	Not_assoc_w_R	AMI
sample_09	aftB	K522R	missense_variant	4267272	T/C	Uncertain_significance	AMI
sample_09	gyrA	E21Q	missense_variant	7362	G/C	Not_assoc_w_R	LEV
sample_09	gyrA	S95T	missense_variant	7585	G/C	Not_assoc_w_R	LEV
sample_09	gyrA	G668D	missense_variant	9304	G/A	Not_assoc_w_R	LEV
sample_09	whiB6	-74_del_1_gc_g	upstream_gene_variant	4338595	GC/G	Not_assoc_w_R	CAP
sample_09	aftB	K522R	missense_variant	4267272	T/C	Uncertain_significance	CAP
sample_09	gid	456_del_1_ca_c	frameshift_variant	4407747	CA/C	Assoc_w_R_Interim	STM
sample_09	rpsL	t-165c	upstream_gene_variant	781395	T/C	Not_assoc_w_R	STM
sample_09	whiB6	-74_del_1_gc_g	upstream_gene_variant	4338595	GC/G	Not_assoc_w_R	STM
sample_09	gyrA	E21Q	missense_variant	7362	G/C	Not_assoc_w_R	MXF
sample_09	gyrA	S95T	missense_variant	7585	G/C	Not_assoc_w_R	MXF
sample_09	gyrA	G668D	missense_variant	9304	G/A	Not_assoc_w_R	MXF
sample_09	mmpL5	I948V	missense_variant	775639	T/C	Not_assoc_w_R	BDQ
sample_09	Rv1979c	a-129g	upstream_gene_variant	2223293	T/C	Not_assoc_w_R	BDQ
sample_09	Rv3083	H22D	missense_variant	3448567	C/G	Uncertain_significance	ETH
sample_09	mmpL5	I948V	missense_variant	775639	T/C	Not_assoc_w_R	CFZ
sample_09	Rv1979c	a-129g	upstream_gene_variant	2223293	T/C	Not_assoc_w_R	CFZ
sample_10	whiB6	-74_del_1_gc_g	upstream_gene_variant	4338595	GC/G	Not_assoc_w_R	AMI
sample_10	aftB	K522R	missense_variant	4267272	T/C	Uncertain_significance	AMI
sample_10	gyrA	E21Q	missense_variant	7362	G/C	Not_assoc_w_R	LEV
sample_10	gyrA	S95T	missense_variant	7585	G/C	Not_assoc_w_R	LEV
sample_10	gyrA	G668D	missense_variant	9304	G/A	Not_assoc_w_R	LEV
sample_10	whiB6	-74_del_1_gc_g	upstream_gene_variant	4338595	GC/G	Not_assoc_w_R	CAP
sample_10	aftB	K522R	missense_variant	4267272	T/C	Uncertain_significance	CAP
sample_10	rpsL	t-165c	upstream_gene_variant	781395	T/C	Not_assoc_w_R	STM
sample_10	whiB6	-74_del_1_gc_g	upstream_gene_variant	4338595	GC/G	Not_assoc_w_R	STM
sample_10	gyrA	E21Q	missense_variant	7362	G/C	Not_assoc_w_R	MXF
sample_10	gyrA	S95T	missense_variant	7585	G/C	Not_assoc_w_R	MXF
sample_10	gyrA	G668D	missense_variant	9304	G/A	Not_assoc_w_R	MXF
sample_10	mmpL5	I948V	missense_variant	775639	T/C	Not_assoc_w_R	BDQ
sample_10	Rv1979c	a-129g	upstream_gene_variant	2223293	T/C	Not_assoc_w_R	BDQ
sample_10	Rv3083	H22D	missense_variant	3448567	C/G	Uncertain_significance	ETH
sample_10	mmpL5	I948V	missense_variant	775639	T/C	Not_assoc_w_R	CFZ
sample_10	Rv1979c	a-129g	upstream_gene_variant	2223293	T/C	Not_assoc_w_R	CFZ
sample_11	whiB6	-74_del_1_gc_g	upstream_gene_variant	4338595	GC/G	Not_assoc_w_R	AMI
sample_11	gyrA	S95T	missense_variant	7585	G/C	Not_assoc_w_R	LEV
sample_11	gyrA	G668D	missense_variant	9304	G/A	Not_assoc_w_R	LEV
sample_11	whiB6	-74_del_1_gc_g	upstream_gene_variant	4338595	GC/G	Not_assoc_w_R	CAP
sample_11	rpsL	t-165c	upstream_gene_variant	781395	T/C	Not_assoc_w_R	STM
sample_11	whiB6	-74_del_1_gc_g	upstream_gene_variant	4338595	GC/G	Not_assoc_w_R	STM
sample_11	gid	L16R	missense_variant	4408156	A/C	Not_assoc_w_R	STM
sample_11	gyrA	S95T	missense_variant	7585	G/C	Not_assoc_w_R	MXF
sample_11	gyrA	G668D	missense_variant	9304	G/A	Not_assoc_w_R	MXF
sample_11	mmpL5	I948V	missense_variant	775639	T/C	Not_assoc_w_R	BDQ
sample_11	Rv1979c	a-129g	upstream_gene_variant	2223293	T/C	Not_assoc_w_R	BDQ
sample_11	mmpL5	I948V	missense_variant	775639	T/C	Not_assoc_w_R	CFZ
sample_11	Rv1979c	a-129g	upstream_gene_variant	2223293	T/C	Not_assoc_w_R	CFZ
sample_16	whiB6	-74_del_1_gc_g	upstream_gene_variant	4338595	GC/G	Not_assoc_w_R	AMI
sample_16	aftB	K522R	missense_variant	4267272	T/C	Uncertain_significance	AMI
sample_16	gyrA	E21Q	missense_variant	7362	G/C	Not_assoc_w_R	LEV
sample_16	gyrA	S95T	missense_variant	7585	G/C	Not_assoc_w_R	LEV
sample_16	gyrA	G668D	missense_variant	9304	G/A	Not_assoc_w_R	LEV
sample_16	whiB6	-74_del_1_gc_g	upstream_gene_variant	4338595	GC/G	Not_assoc_w_R	CAP
sample_16	aftB	K522R	missense_variant	4267272	T/C	Uncertain_significance	CAP
sample_16	rpsL	t-165c	upstream_gene_variant	781395	T/C	Not_assoc_w_R	STM
sample_16	whiB6	-74_del_1_gc_g	upstream_gene_variant	4338595	GC/G	Not_assoc_w_R	STM
sample_16	gyrA	E21Q	missense_variant	7362	G/C	Not_assoc_w_R	MXF
sample_16	gyrA	S95T	missense_variant	7585	G/C	Not_assoc_w_R	MXF
sample_16	gyrA	G668D	missense_variant	9304	G/A	Not_assoc_w_R	MXF
sample_16	mmpL5	I948V	missense_variant	775639	T/C	Not_assoc_w_R	BDQ
sample_16	Rv1979c	a-129g	upstream_gene_variant	2223293	T/C	Not_assoc_w_R	BDQ
sample_16	Rv3083	H22D	missense_variant	3448567	C/G	Uncertain_significance	ETH
sample_16	mmpL5	I948V	missense_variant	775639	T/C	Not_assoc_w_R	CFZ
sample_16	Rv1979c	a-129g	upstream_gene_variant	2223293	T/C	Not_assoc_w_R	CFZ
sample_16i	Rv1979c	a-129g	upstream_gene_variant	2223293	T/C	Not_assoc_w_R	BDQ
sample_16i	Rv1979c	a-129g	upstream_gene_variant	2223293	T/C	Not_assoc_w_R	CFZ
sample_16i	rrl	c1093t	intragenic_variant	1474750	C/T	Uncertain_significance	LZD
sample_17	whiB6	-74_del_1_gc_g	upstream_gene_variant	4338595	GC/G	Not_assoc_w_R	AMI
sample_17	aftB	K522R	missense_variant	4267272	T/C	Uncertain_significance	AMI
sample_17	gyrA	E21Q	missense_variant	7362	G/C	Not_assoc_w_R	LEV
sample_17	gyrA	S95T	missense_variant	7585	G/C	Not_assoc_w_R	LEV
sample_17	gyrA	G668D	missense_variant	9304	G/A	Not_assoc_w_R	LEV
sample_17	whiB6	-74_del_1_gc_g	upstream_gene_variant	4338595	GC/G	Not_assoc_w_R	CAP
sample_17	aftB	K522R	missense_variant	4267272	T/C	Uncertain_significance	CAP
sample_17	rpsL	t-165c	upstream_gene_variant	781395	T/C	Not_assoc_w_R	STM
sample_17	whiB6	-74_del_1_gc_g	upstream_gene_variant	4338595	GC/G	Not_assoc_w_R	STM
sample_17	gyrA	E21Q	missense_variant	7362	G/C	Not_assoc_w_R	MXF
sample_17	gyrA	S95T	missense_variant	7585	G/C	Not_assoc_w_R	MXF
sample_17	gyrA	G668D	missense_variant	9304	G/A	Not_assoc_w_R	MXF
sample_17	mmpL5	I948V	missense_variant	775639	T/C	Not_assoc_w_R	BDQ
sample_17	Rv1979c	a-129g	upstream_gene_variant	2223293	T/C	Not_assoc_w_R	BDQ
sample_17	Rv3083	H22D	missense_variant	3448567	C/G	Uncertain_significance	ETH
sample_17	mmpL5	I948V	missense_variant	775639	T/C	Not_assoc_w_R	CFZ
sample_17	Rv1979c	a-129g	upstream_gene_variant	2223293	T/C	Not_assoc_w_R	CFZ
sample_18	whiB6	-74_del_1_gc_g	upstream_gene_variant	4338595	GC/G	Not_assoc_w_R	AMI
sample_18	aftB	K522R	missense_variant	4267272	T/C	Uncertain_significance	AMI
sample_18	gyrA	E21Q	missense_variant	7362	G/C	Not_assoc_w_R	LEV
sample_18	gyrA	S95T	missense_variant	7585	G/C	Not_assoc_w_R	LEV
sample_18	gyrA	G668D	missense_variant	9304	G/A	Not_assoc_w_R	LEV
sample_18	whiB6	-74_del_1_gc_g	upstream_gene_variant	4338595	GC/G	Not_assoc_w_R	CAP
sample_18	aftB	K522R	missense_variant	4267272	T/C	Uncertain_significance	CAP
sample_18	rpsL	t-165c	upstream_gene_variant	781395	T/C	Not_assoc_w_R	STM
sample_18	whiB6	-74_del_1_gc_g	upstream_gene_variant	4338595	GC/G	Not_assoc_w_R	STM
sample_18	gyrA	E21Q	missense_variant	7362	G/C	Not_assoc_w_R	MXF
sample_18	gyrA	S95T	missense_variant	7585	G/C	Not_assoc_w_R	MXF
sample_18	gyrA	G668D	missense_variant	9304	G/A	Not_assoc_w_R	MXF
sample_18	mmpL5	I948V	missense_variant	775639	T/C	Not_assoc_w_R	BDQ
sample_18	Rv1979c	a-129g	upstream_gene_variant	2223293	T/C	Not_assoc_w_R	BDQ
sample_18	Rv3083	H22D	missense_variant	3448567	C/G	Uncertain_significance	ETH
sample_18	mmpL5	I948V	missense_variant	775639	T/C	Not_assoc_w_R	CFZ
sample_18	Rv1979c	a-129g	upstream_gene_variant	2223293	T/C	Not_assoc_w_R	CFZ
sample_19	whiB6	-74_del_1_gc_g	upstream_gene_variant	4338595	GC/G	Not_assoc_w_R	AMI
sample_19	aftB	K522R	missense_variant	4267272	T/C	Uncertain_significance	AMI
sample_19	gyrA	E21Q	missense_variant	7362	G/C	Not_assoc_w_R	LEV
sample_19	gyrA	S95T	missense_variant	7585	G/C	Not_assoc_w_R	LEV
sample_19	gyrA	G668D	missense_variant	9304	G/A	Not_assoc_w_R	LEV
sample_19	whiB6	-74_del_1_gc_g	upstream_gene_variant	4338595	GC/G	Not_assoc_w_R	CAP
sample_19	aftB	K522R	missense_variant	4267272	T/C	Uncertain_significance	CAP
sample_19	rpsL	t-165c	upstream_gene_variant	781395	T/C	Not_assoc_w_R	STM
sample_19	whiB6	-74_del_1_gc_g	upstream_gene_variant	4338595	GC/G	Not_assoc_w_R	STM
sample_19	gyrA	E21Q	missense_variant	7362	G/C	Not_assoc_w_R	MXF
sample_19	gyrA	S95T	missense_variant	7585	G/C	Not_assoc_w_R	MXF
sample_19	gyrA	G668D	missense_variant	9304	G/A	Not_assoc_w_R	MXF
sample_19	mmpL5	I948V	missense_variant	775639	T/C	Not_assoc_w_R	BDQ
sample_19	Rv1979c	a-129g	upstream_gene_variant	2223293	T/C	Not_assoc_w_R	BDQ
sample_19	Rv3083	H22D	missense_variant	3448567	C/G	Uncertain_significance	ETH
sample_19	mmpL5	I948V	missense_variant	775639	T/C	Not_assoc_w_R	CFZ
sample_19	Rv1979c	a-129g	upstream_gene_variant	2223293	T/C	Not_assoc_w_R	CFZ
sample_1a	whiB6	-74_del_1_gc_g	upstream_gene_variant	4338595	GC/G	Not_assoc_w_R	AMI
sample_1a	aftB	K522R	missense_variant	4267272	T/C	Uncertain_significance	AMI
sample_1a	gyrA	E21Q	missense_variant	7362	G/C	Not_assoc_w_R	LEV
sample_1a	gyrA	S95T	missense_variant	7585	G/C	Not_assoc_w_R	LEV
sample_1a	gyrA	G668D	missense_variant	9304	G/A	Not_assoc_w_R	LEV
sample_1a	whiB6	-74_del_1_gc_g	upstream_gene_variant	4338595	GC/G	Not_assoc_w_R	CAP
sample_1a	aftB	K522R	missense_variant	4267272	T/C	Uncertain_significance	CAP
sample_1a	rpsL	t-165c	upstream_gene_variant	781395	T/C	Not_assoc_w_R	STM
sample_1a	whiB6	-74_del_1_gc_g	upstream_gene_variant	4338595	GC/G	Not_assoc_w_R	STM
sample_1a	gyrA	E21Q	missense_variant	7362	G/C	Not_assoc_w_R	MXF
sample_1a	gyrA	S95T	missense_variant	7585	G/C	Not_assoc_w_R	MXF
sample_1a	gyrA	G668D	missense_variant	9304	G/A	Not_assoc_w_R	MXF
sample_1a	mmpL5	I948V	missense_variant	775639	T/C	Not_assoc_w_R	BDQ
sample_1a	Rv1979c	a-129g	upstream_gene_variant	2223293	T/C	Not_assoc_w_R	BDQ
sample_1a	Rv3083	H22D	missense_variant	3448567	C/G	Uncertain_significance	ETH
sample_1a	mmpL5	I948V	missense_variant	775639	T/C	Not_assoc_w_R	CFZ
sample_1a	Rv1979c	a-129g	upstream_gene_variant	2223293	T/C	Not_assoc_w_R	CFZ
sample_20	whiB6	-74_del_1_gc_g	upstream_gene_variant	4338595	GC/G	Not_assoc_w_R	AMI
sample_20	aftB	K522R	missense_variant	4267272	T/C	Uncertain_significance	AMI
sample_20	gyrA	E21Q	missense_variant	7362	G/C	Not_assoc_w_R	LEV
sample_20	gyrA	S95T	missense_variant	7585	G/C	Not_assoc_w_R	LEV
sample_20	gyrA	G668D	missense_variant	9304	G/A	Not_assoc_w_R	LEV
sample_20	whiB6	-74_del_1_gc_g	upstream_gene_variant	4338595	GC/G	Not_assoc_w_R	CAP
sample_20	aftB	K522R	missense_variant	4267272	T/C	Uncertain_significance	CAP
sample_20	rpsL	t-165c	upstream_gene_variant	781395	T/C	Not_assoc_w_R	STM
sample_20	whiB6	-74_del_1_gc_g	upstream_gene_variant	4338595	GC/G	Not_assoc_w_R	STM
sample_20	gyrA	E21Q	missense_variant	7362	G/C	Not_assoc_w_R	MXF
sample_20	gyrA	S95T	missense_variant	7585	G/C	Not_assoc_w_R	MXF
sample_20	gyrA	G668D	missense_variant	9304	G/A	Not_assoc_w_R	MXF
sample_20	mmpL5	I948V	missense_variant	775639	T/C	Not_assoc_w_R	BDQ
sample_20	Rv1979c	a-129g	upstream_gene_variant	2223293	T/C	Not_assoc_w_R	BDQ
sample_20	Rv3083	H22D	missense_variant	3448567	C/G	Uncertain_significance	ETH
sample_20	mmpL5	I948V	missense_variant	775639	T/C	Not_assoc_w_R	CFZ
sample_20	Rv1979c	a-129g	upstream_gene_variant	2223293	T/C	Not_assoc_w_R	CFZ
sample_20i	whiB6	-74_del_1_gc_g	upstream_gene_variant	4338595	GC/G	Not_assoc_w_R	AMI
sample_20i	eis	V314L	missense_variant	2714393	C/G	Uncertain_significance	AMI
sample_20i	gyrA	E21Q	missense_variant	7362	G/C	Not_assoc_w_R	LEV
sample_20i	gyrA	S95T	missense_variant	7585	G/C	Not_assoc_w_R	LEV
sample_20i	gyrA	G668D	missense_variant	9304	G/A	Not_assoc_w_R	LEV
sample_20i	gyrA	R607H	missense_variant	9121	G/A	Uncertain_significance	LEV
sample_20i	whiB6	-74_del_1_gc_g	upstream_gene_variant	4338595	GC/G	Not_assoc_w_R	CAP
sample_20i	rpsL	K88R	missense_variant	781822	A/G	Assoc_w_R	STM
sample_20i	rpsL	t-165c	upstream_gene_variant	781395	T/C	Not_assoc_w_R	STM
sample_20i	whiB6	-74_del_1_gc_g	upstream_gene_variant	4338595	GC/G	Not_assoc_w_R	STM
sample_20i	gyrA	E21Q	missense_variant	7362	G/C	Not_assoc_w_R	MXF
sample_20i	gyrA	S95T	missense_variant	7585	G/C	Not_assoc_w_R	MXF
sample_20i	gyrA	G668D	missense_variant	9304	G/A	Not_assoc_w_R	MXF
sample_20i	gyrA	R607H	missense_variant	9121	G/A	Uncertain_significance	MXF
sample_20i	mmpL5	I948V	missense_variant	775639	T/C	Not_assoc_w_R	BDQ
sample_20i	Rv1979c	a-129g	upstream_gene_variant	2223293	T/C	Not_assoc_w_R	BDQ
sample_20i	pncA	g-33a	upstream_gene_variant	2289274	C/T	Not_assoc_w_R_Interim	PZA
sample_20i	mmpL5	I948V	missense_variant	775639	T/C	Not_assoc_w_R	CFZ
sample_20i	Rv1979c	a-129g	upstream_gene_variant	2223293	T/C	Not_assoc_w_R	CFZ
sample_20i	rrl	c1093t	intragenic_variant	1474750	C/T	Uncertain_significance	LZD
sample_21i	whiB6	-74_del_1_gc_g	upstream_gene_variant	4338595	GC/G	Not_assoc_w_R	AMI
sample_21i	gyrA	E21Q	missense_variant	7362	G/C	Not_assoc_w_R	LEV
sample_21i	gyrA	S95T	missense_variant	7585	G/C	Not_assoc_w_R	LEV
sample_21i	gyrA	G668D	missense_variant	9304	G/A	Not_assoc_w_R	LEV
sample_21i	whiB6	-74_del_1_gc_g	upstream_gene_variant	4338595	GC/G	Not_assoc_w_R	CAP
sample_21i	rpsL	t-165c	upstream_gene_variant	781395	T/C	Not_assoc_w_R	STM
sample_21i	whiB6	-74_del_1_gc_g	upstream_gene_variant	4338595	GC/G	Not_assoc_w_R	STM
sample_21i	gyrA	E21Q	missense_variant	7362	G/C	Not_assoc_w_R	MXF
sample_21i	gyrA	S95T	missense_variant	7585	G/C	Not_assoc_w_R	MXF
sample_21i	gyrA	G668D	missense_variant	9304	G/A	Not_assoc_w_R	MXF
sample_21i	gyrA	K633R	missense_variant	9199	A/G	Uncertain_significance	MXF
sample_21i	mmpL5	I948V	missense_variant	775639	T/C	Not_assoc_w_R	BDQ
sample_21i	Rv1979c	a-129g	upstream_gene_variant	2223293	T/C	Not_assoc_w_R	BDQ
sample_21i	mmpL5	I948V	missense_variant	775639	T/C	Not_assoc_w_R	CFZ
sample_21i	Rv1979c	a-129g	upstream_gene_variant	2223293	T/C	Not_assoc_w_R	CFZ
sample_21i	rrl	c1093t	intragenic_variant	1474750	C/T	Uncertain_significance	LZD
sample_22	whiB6	-74_del_1_gc_g	upstream_gene_variant	4338595	GC/G	Not_assoc_w_R	AMI
sample_22	gyrA	E21Q	missense_variant	7362	G/C	Not_assoc_w_R	LEV
sample_22	gyrA	S95T	missense_variant	7585	G/C	Not_assoc_w_R	LEV
sample_22	gyrA	G668D	missense_variant	9304	G/A	Not_assoc_w_R	LEV
sample_22	whiB6	-74_del_1_gc_g	upstream_gene_variant	4338595	GC/G	Not_assoc_w_R	CAP
sample_22	rpsL	t-165c	upstream_gene_variant	781395	T/C	Not_assoc_w_R	STM
sample_22	whiB6	-74_del_1_gc_g	upstream_gene_variant	4338595	GC/G	Not_assoc_w_R	STM
sample_22	rpoC	G594E	missense_variant	765150	G/A	Not_assoc_w_R	RIF
sample_22	gyrA	E21Q	missense_variant	7362	G/C	Not_assoc_w_R	MXF
sample_22	gyrA	S95T	missense_variant	7585	G/C	Not_assoc_w_R	MXF
sample_22	gyrA	G668D	missense_variant	9304	G/A	Not_assoc_w_R	MXF
sample_22	mmpL5	I948V	missense_variant	775639	T/C	Not_assoc_w_R	BDQ
sample_22	Rv1979c	a-129g	upstream_gene_variant	2223293	T/C	Not_assoc_w_R	BDQ
sample_22	mshA	N111S	missense_variant	575679	A/G	Uncertain_significance	ETH
sample_22	mmpL5	I948V	missense_variant	775639	T/C	Not_assoc_w_R	CFZ
sample_22	Rv1979c	a-129g	upstream_gene_variant	2223293	T/C	Not_assoc_w_R	CFZ
sample_22	mshA	N111S	missense_variant	575679	A/G	Not_assoc_w_R	INH
sample_22	fgd1	K270M	missense_variant	491591	A/T	Uncertain_significance	DLM
sample_22i	whiB6	-74_del_1_gc_g	upstream_gene_variant	4338595	GC/G	Not_assoc_w_R	AMI
sample_22i	aftB	K522R	missense_variant	4267272	T/C	Uncertain_significance	AMI
sample_22i	gyrA	E21Q	missense_variant	7362	G/C	Not_assoc_w_R	LEV
sample_22i	gyrA	S95T	missense_variant	7585	G/C	Not_assoc_w_R	LEV
sample_22i	gyrA	G668D	missense_variant	9304	G/A	Not_assoc_w_R	LEV
sample_22i	whiB6	-74_del_1_gc_g	upstream_gene_variant	4338595	GC/G	Not_assoc_w_R	CAP
sample_22i	aftB	K522R	missense_variant	4267272	T/C	Uncertain_significance	CAP
sample_22i	rpsL	t-165c	upstream_gene_variant	781395	T/C	Not_assoc_w_R	STM
sample_22i	whiB6	-74_del_1_gc_g	upstream_gene_variant	4338595	GC/G	Not_assoc_w_R	STM
sample_22i	gyrA	E21Q	missense_variant	7362	G/C	Not_assoc_w_R	MXF
sample_22i	gyrA	S95T	missense_variant	7585	G/C	Not_assoc_w_R	MXF
sample_22i	gyrA	G668D	missense_variant	9304	G/A	Not_assoc_w_R	MXF
sample_22i	mmpL5	I948V	missense_variant	775639	T/C	Not_assoc_w_R	BDQ
sample_22i	Rv1979c	a-129g	upstream_gene_variant	2223293	T/C	Not_assoc_w_R	BDQ
sample_22i	Rv3083	H22D	missense_variant	3448567	C/G	Uncertain_significance	ETH
sample_22i	mmpL5	I948V	missense_variant	775639	T/C	Not_assoc_w_R	CFZ
sample_22i	Rv1979c	a-129g	upstream_gene_variant	2223293	T/C	Not_assoc_w_R	CFZ
sample_24	whiB6	-74_del_1_gc_g	upstream_gene_variant	4338595	GC/G	Not_assoc_w_R	AMI
sample_24	aftB	K522R	missense_variant	4267272	T/C	Uncertain_significance	AMI
sample_24	gyrA	E21Q	missense_variant	7362	G/C	Not_assoc_w_R	LEV
sample_24	gyrA	S95T	missense_variant	7585	G/C	Not_assoc_w_R	LEV
sample_24	gyrA	G668D	missense_variant	9304	G/A	Not_assoc_w_R	LEV
sample_24	whiB6	-74_del_1_gc_g	upstream_gene_variant	4338595	GC/G	Not_assoc_w_R	CAP
sample_24	aftB	K522R	missense_variant	4267272	T/C	Uncertain_significance	CAP
sample_24	rpsL	t-165c	upstream_gene_variant	781395	T/C	Not_assoc_w_R	STM
sample_24	whiB6	-74_del_1_gc_g	upstream_gene_variant	4338595	GC/G	Not_assoc_w_R	STM
sample_24	gyrA	E21Q	missense_variant	7362	G/C	Not_assoc_w_R	MXF
sample_24	gyrA	S95T	missense_variant	7585	G/C	Not_assoc_w_R	MXF
sample_24	gyrA	G668D	missense_variant	9304	G/A	Not_assoc_w_R	MXF
sample_24	mmpL5	I948V	missense_variant	775639	T/C	Not_assoc_w_R	BDQ
sample_24	Rv1979c	a-129g	upstream_gene_variant	2223293	T/C	Not_assoc_w_R	BDQ
sample_24	Rv3083	H22D	missense_variant	3448567	C/G	Uncertain_significance	ETH
sample_24	mmpL5	I948V	missense_variant	775639	T/C	Not_assoc_w_R	CFZ
sample_24	Rv1979c	a-129g	upstream_gene_variant	2223293	T/C	Not_assoc_w_R	CFZ
sample_26	whiB6	-74_del_1_gc_g	upstream_gene_variant	4338595	GC/G	Not_assoc_w_R	AMI
sample_26	aftB	K522R	missense_variant	4267272	T/C	Uncertain_significance	AMI
sample_26	gyrA	E21Q	missense_variant	7362	G/C	Not_assoc_w_R	LEV
sample_26	gyrA	S95T	missense_variant	7585	G/C	Not_assoc_w_R	LEV
sample_26	gyrA	G668D	missense_variant	9304	G/A	Not_assoc_w_R	LEV
sample_26	whiB6	-74_del_1_gc_g	upstream_gene_variant	4338595	GC/G	Not_assoc_w_R	CAP
sample_26	aftB	K522R	missense_variant	4267272	T/C	Uncertain_significance	CAP
sample_26	rpsL	t-165c	upstream_gene_variant	781395	T/C	Not_assoc_w_R	STM
sample_26	whiB6	-74_del_1_gc_g	upstream_gene_variant	4338595	GC/G	Not_assoc_w_R	STM
sample_26	gyrA	E21Q	missense_variant	7362	G/C	Not_assoc_w_R	MXF
sample_26	gyrA	S95T	missense_variant	7585	G/C	Not_assoc_w_R	MXF
sample_26	gyrA	G668D	missense_variant	9304	G/A	Not_assoc_w_R	MXF
sample_26	mmpL5	I948V	missense_variant	775639	T/C	Not_assoc_w_R	BDQ
sample_26	Rv1979c	a-129g	upstream_gene_variant	2223293	T/C	Not_assoc_w_R	BDQ
sample_26	Rv3083	H22D	missense_variant	3448567	C/G	Uncertain_significance	ETH
sample_26	mmpL5	I948V	missense_variant	775639	T/C	Not_assoc_w_R	CFZ
sample_26	Rv1979c	a-129g	upstream_gene_variant	2223293	T/C	Not_assoc_w_R	CFZ
sample_32	whiB6	-74_del_1_gc_g	upstream_gene_variant	4338595	GC/G	Not_assoc_w_R	AMI
sample_32	gyrA	S95T	missense_variant	7585	G/C	Not_assoc_w_R	LEV
sample_32	whiB6	-74_del_1_gc_g	upstream_gene_variant	4338595	GC/G	Not_assoc_w_R	CAP
sample_32	whiB6	-74_del_1_gc_g	upstream_gene_variant	4338595	GC/G	Not_assoc_w_R	STM
sample_32	gyrA	S95T	missense_variant	7585	G/C	Not_assoc_w_R	MXF
sample_32	mmpL5	I948V	missense_variant	775639	T/C	Not_assoc_w_R	BDQ
sample_32	mmpL5	I948V	missense_variant	775639	T/C	Not_assoc_w_R	CFZ
sample_32	rrl	c1093t	intragenic_variant	1474750	C/T	Uncertain_significance	LZD
sample_33	whiB6	-74_del_1_gc_g	upstream_gene_variant	4338595	GC/G	Not_assoc_w_R	AMI
sample_33	gyrA	E21Q	missense_variant	7362	G/C	Not_assoc_w_R	LEV
sample_33	gyrA	S95T	missense_variant	7585	G/C	Not_assoc_w_R	LEV
sample_33	gyrA	G668D	missense_variant	9304	G/A	Not_assoc_w_R	LEV
sample_33	whiB6	-74_del_1_gc_g	upstream_gene_variant	4338595	GC/G	Not_assoc_w_R	CAP
sample_33	rpsL	t-165c	upstream_gene_variant	781395	T/C	Not_assoc_w_R	STM
sample_33	whiB6	-74_del_1_gc_g	upstream_gene_variant	4338595	GC/G	Not_assoc_w_R	STM
sample_33	gyrA	E21Q	missense_variant	7362	G/C	Not_assoc_w_R	MXF
sample_33	gyrA	S95T	missense_variant	7585	G/C	Not_assoc_w_R	MXF
sample_33	gyrA	G668D	missense_variant	9304	G/A	Not_assoc_w_R	MXF
sample_33	mmpL5	I948V	missense_variant	775639	T/C	Not_assoc_w_R	BDQ
sample_33	Rv1979c	a-129g	upstream_gene_variant	2223293	T/C	Not_assoc_w_R	BDQ
sample_33	mmpL5	I948V	missense_variant	775639	T/C	Not_assoc_w_R	CFZ
sample_33	Rv1979c	a-129g	upstream_gene_variant	2223293	T/C	Not_assoc_w_R	CFZ
sample_33	katG	T324N	missense_variant	2155141	G/T	Uncertain_significance	INH
sample_33	rrl	c1093t	intragenic_variant	1474750	C/T	Uncertain_significance	LZD
sample_34	whiB6	-74_del_1_gc_g	upstream_gene_variant	4338595	GC/G	Not_assoc_w_R	AMI
sample_34	gyrA	E21Q	missense_variant	7362	G/C	Not_assoc_w_R	LEV
sample_34	gyrA	S95T	missense_variant	7585	G/C	Not_assoc_w_R	LEV
sample_34	gyrA	G668D	missense_variant	9304	G/A	Not_assoc_w_R	LEV
sample_34	whiB6	-74_del_1_gc_g	upstream_gene_variant	4338595	GC/G	Not_assoc_w_R	CAP
sample_34	rpsL	t-165c	upstream_gene_variant	781395	T/C	Not_assoc_w_R	STM
sample_34	whiB6	-74_del_1_gc_g	upstream_gene_variant	4338595	GC/G	Not_assoc_w_R	STM
sample_34	gyrA	E21Q	missense_variant	7362	G/C	Not_assoc_w_R	MXF
sample_34	gyrA	S95T	missense_variant	7585	G/C	Not_assoc_w_R	MXF
sample_34	gyrA	G668D	missense_variant	9304	G/A	Not_assoc_w_R	MXF
sample_34	mmpL5	I948V	missense_variant	775639	T/C	Not_assoc_w_R	BDQ
sample_34	Rv1979c	a-129g	upstream_gene_variant	2223293	T/C	Not_assoc_w_R	BDQ
sample_34	mmpL5	I948V	missense_variant	775639	T/C	Not_assoc_w_R	CFZ
sample_34	Rv1979c	a-129g	upstream_gene_variant	2223293	T/C	Not_assoc_w_R	CFZ
sample_34	katG	T324N	missense_variant	2155141	G/T	Uncertain_significance	INH
sample_34	rrl	c1093t	intragenic_variant	1474750	C/T	Uncertain_significance	LZD
sample_60	whiB6	-74_del_1_gc_g	upstream_gene_variant	4338595	GC/G	Not_assoc_w_R	AMI
sample_60	aftB	K522R	missense_variant	4267272	T/C	Uncertain_significance	AMI
sample_60	gyrA	E21Q	missense_variant	7362	G/C	Not_assoc_w_R	LEV
sample_60	gyrA	S95T	missense_variant	7585	G/C	Not_assoc_w_R	LEV
sample_60	gyrA	G668D	missense_variant	9304	G/A	Not_assoc_w_R	LEV
sample_60	whiB6	-74_del_1_gc_g	upstream_gene_variant	4338595	GC/G	Not_assoc_w_R	CAP
sample_60	aftB	K522R	missense_variant	4267272	T/C	Uncertain_significance	CAP
sample_60	rpsL	t-165c	upstream_gene_variant	781395	T/C	Not_assoc_w_R	STM
sample_60	whiB6	-74_del_1_gc_g	upstream_gene_variant	4338595	GC/G	Not_assoc_w_R	STM
sample_60	gyrA	E21Q	missense_variant	7362	G/C	Not_assoc_w_R	MXF
sample_60	gyrA	S95T	missense_variant	7585	G/C	Not_assoc_w_R	MXF
sample_60	gyrA	G668D	missense_variant	9304	G/A	Not_assoc_w_R	MXF
sample_60	mmpL5	I948V	missense_variant	775639	T/C	Not_assoc_w_R	BDQ
sample_60	Rv1979c	a-129g	upstream_gene_variant	2223293	T/C	Not_assoc_w_R	BDQ
sample_60	Rv3083	H22D	missense_variant	3448567	C/G	Uncertain_significance	ETH
sample_60	mmpL5	I948V	missense_variant	775639	T/C	Not_assoc_w_R	CFZ
sample_60	Rv1979c	a-129g	upstream_gene_variant	2223293	T/C	Not_assoc_w_R	CFZ
sample_61	whiB6	-74_del_1_gc_g	upstream_gene_variant	4338595	GC/G	Not_assoc_w_R	AMI
sample_61	aftB	K522R	missense_variant	4267272	T/C	Uncertain_significance	AMI
sample_61	gyrA	E21Q	missense_variant	7362	G/C	Not_assoc_w_R	LEV
sample_61	gyrA	S95T	missense_variant	7585	G/C	Not_assoc_w_R	LEV
sample_61	gyrA	G668D	missense_variant	9304	G/A	Not_assoc_w_R	LEV
sample_61	whiB6	-74_del_1_gc_g	upstream_gene_variant	4338595	GC/G	Not_assoc_w_R	CAP
sample_61	aftB	K522R	missense_variant	4267272	T/C	Uncertain_significance	CAP
sample_61	rpsL	t-165c	upstream_gene_variant	781395	T/C	Not_assoc_w_R	STM
sample_61	whiB6	-74_del_1_gc_g	upstream_gene_variant	4338595	GC/G	Not_assoc_w_R	STM
sample_61	gyrA	E21Q	missense_variant	7362	G/C	Not_assoc_w_R	MXF
sample_61	gyrA	S95T	missense_variant	7585	G/C	Not_assoc_w_R	MXF
sample_61	gyrA	G668D	missense_variant	9304	G/A	Not_assoc_w_R	MXF
sample_61	mmpL5	I948V	missense_variant	775639	T/C	Not_assoc_w_R	BDQ
sample_61	Rv1979c	a-129g	upstream_gene_variant	2223293	T/C	Not_assoc_w_R	BDQ
sample_61	Rv3083	H22D	missense_variant	3448567	C/G	Uncertain_significance	ETH
sample_61	mmpL5	I948V	missense_variant	775639	T/C	Not_assoc_w_R	CFZ
sample_61	Rv1979c	a-129g	upstream_gene_variant	2223293	T/C	Not_assoc_w_R	CFZ
sample_62	whiB6	-74_del_1_gc_g	upstream_gene_variant	4338595	GC/G	Not_assoc_w_R	AMI
sample_62	aftB	K522R	missense_variant	4267272	T/C	Uncertain_significance	AMI
sample_62	gyrA	E21Q	missense_variant	7362	G/C	Not_assoc_w_R	LEV
sample_62	gyrA	S95T	missense_variant	7585	G/C	Not_assoc_w_R	LEV
sample_62	gyrA	G668D	missense_variant	9304	G/A	Not_assoc_w_R	LEV
sample_62	whiB6	-74_del_1_gc_g	upstream_gene_variant	4338595	GC/G	Not_assoc_w_R	CAP
sample_62	aftB	K522R	missense_variant	4267272	T/C	Uncertain_significance	CAP
sample_62	rpsL	t-165c	upstream_gene_variant	781395	T/C	Not_assoc_w_R	STM
sample_62	whiB6	-74_del_1_gc_g	upstream_gene_variant	4338595	GC/G	Not_assoc_w_R	STM
sample_62	gyrA	E21Q	missense_variant	7362	G/C	Not_assoc_w_R	MXF
sample_62	gyrA	S95T	missense_variant	7585	G/C	Not_assoc_w_R	MXF
sample_62	gyrA	G668D	missense_variant	9304	G/A	Not_assoc_w_R	MXF
sample_62	mmpL5	I948V	missense_variant	775639	T/C	Not_assoc_w_R	BDQ
sample_62	Rv1979c	a-129g	upstream_gene_variant	2223293	T/C	Not_assoc_w_R	BDQ
sample_62	ndh	g-70t	upstream_gene_variant	2103112	C/A	Uncertain_significance	ETH
sample_62	mmpL5	I948V	missense_variant	775639	T/C	Not_assoc_w_R	CFZ
sample_62	Rv1979c	a-129g	upstream_gene_variant	2223293	T/C	Not_assoc_w_R	CFZ
sample_62	embA	V468A	missense_variant	4244635	T/C	Not_assoc_w_R	EMB
sample_62	embA	P639S	missense_variant	4245147	C/T	Not_assoc_w_R	EMB
sample_62	embB	E378A	missense_variant	4247646	A/C	Not_assoc_w_R	EMB
sample_62	ubiA	E149D	missense_variant	4269387	T/G	Not_assoc_w_R	EMB
sample_62	ndh	g-70t	upstream_gene_variant	2103112	C/A	Not_assoc_w_R_Interim	INH
sample_62	katG	R463L	missense_variant	2154724	C/A	Not_assoc_w_R	INH
sample_62	fbiC	a-32g	upstream_gene_variant	1302899	A/G	Uncertain_significance	DLM
sample_63	whiB6	-74_del_1_gc_g	upstream_gene_variant	4338595	GC/G	Not_assoc_w_R	AMI
sample_63	gyrA	E21Q	missense_variant	7362	G/C	Not_assoc_w_R	LEV
sample_63	gyrA	S95T	missense_variant	7585	G/C	Not_assoc_w_R	LEV
sample_63	gyrA	G668D	missense_variant	9304	G/A	Not_assoc_w_R	LEV
sample_63	whiB6	-74_del_1_gc_g	upstream_gene_variant	4338595	GC/G	Not_assoc_w_R	CAP
sample_63	rpsL	t-165c	upstream_gene_variant	781395	T/C	Not_assoc_w_R	STM
sample_63	whiB6	-74_del_1_gc_g	upstream_gene_variant	4338595	GC/G	Not_assoc_w_R	STM
sample_63	gyrA	E21Q	missense_variant	7362	G/C	Not_assoc_w_R	MXF
sample_63	gyrA	S95T	missense_variant	7585	G/C	Not_assoc_w_R	MXF
sample_63	gyrA	G668D	missense_variant	9304	G/A	Not_assoc_w_R	MXF
sample_63	mmpL5	I948V	missense_variant	775639	T/C	Not_assoc_w_R	BDQ
sample_63	Rv1979c	a-129g	upstream_gene_variant	2223293	T/C	Not_assoc_w_R	BDQ
sample_63	mmpL5	P953S	missense_variant	775624	G/A	Uncertain_significance	BDQ
sample_63	Rv1979c	V384I	missense_variant	2222015	C/T	Uncertain_significance	BDQ
sample_63	mmpL5	I948V	missense_variant	775639	T/C	Not_assoc_w_R	CFZ
sample_63	Rv1979c	a-129g	upstream_gene_variant	2223293	T/C	Not_assoc_w_R	CFZ
sample_63	mmpL5	P953S	missense_variant	775624	G/A	Uncertain_significance	CFZ
sample_63	Rv1979c	V384I	missense_variant	2222015	C/T	Uncertain_significance	CFZ
sample_63	rrl	c1093t	intragenic_variant	1474750	C/T	Uncertain_significance	LZD
sample_64	whiB6	-74_del_1_gc_g	upstream_gene_variant	4338595	GC/G	Not_assoc_w_R	AMI
sample_64	aftB	K522R	missense_variant	4267272	T/C	Uncertain_significance	AMI
sample_64	gyrA	E21Q	missense_variant	7362	G/C	Not_assoc_w_R	LEV
sample_64	gyrA	S95T	missense_variant	7585	G/C	Not_assoc_w_R	LEV
sample_64	gyrA	G668D	missense_variant	9304	G/A	Not_assoc_w_R	LEV
sample_64	whiB6	-74_del_1_gc_g	upstream_gene_variant	4338595	GC/G	Not_assoc_w_R	CAP
sample_64	aftB	K522R	missense_variant	4267272	T/C	Uncertain_significance	CAP
sample_64	rpsL	t-165c	upstream_gene_variant	781395	T/C	Not_assoc_w_R	STM
sample_64	whiB6	-74_del_1_gc_g	upstream_gene_variant	4338595	GC/G	Not_assoc_w_R	STM
sample_64	gyrA	E21Q	missense_variant	7362	G/C	Not_assoc_w_R	MXF
sample_64	gyrA	S95T	missense_variant	7585	G/C	Not_assoc_w_R	MXF
sample_64	gyrA	G668D	missense_variant	9304	G/A	Not_assoc_w_R	MXF
sample_64	mmpL5	I948V	missense_variant	775639	T/C	Not_assoc_w_R	BDQ
sample_64	Rv1979c	a-129g	upstream_gene_variant	2223293	T/C	Not_assoc_w_R	BDQ
sample_64	Rv3083	H22D	missense_variant	3448567	C/G	Uncertain_significance	ETH
sample_64	mmpL5	I948V	missense_variant	775639	T/C	Not_assoc_w_R	CFZ
sample_64	Rv1979c	a-129g	upstream_gene_variant	2223293	T/C	Not_assoc_w_R	CFZ
sample_66	whiB6	-74_del_1_gc_g	upstream_gene_variant	4338595	GC/G	Not_assoc_w_R	AMI
sample_66	aftB	K522R	missense_variant	4267272	T/C	Uncertain_significance	AMI
sample_66	gyrA	E21Q	missense_variant	7362	G/C	Not_assoc_w_R	LEV
sample_66	gyrA	S95T	missense_variant	7585	G/C	Not_assoc_w_R	LEV
sample_66	gyrA	G668D	missense_variant	9304	G/A	Not_assoc_w_R	LEV
sample_66	whiB6	-74_del_1_gc_g	upstream_gene_variant	4338595	GC/G	Not_assoc_w_R	CAP
sample_66	aftB	K522R	missense_variant	4267272	T/C	Uncertain_significance	CAP
sample_66	rpsL	t-165c	upstream_gene_variant	781395	T/C	Not_assoc_w_R	STM
sample_66	whiB6	-74_del_1_gc_g	upstream_gene_variant	4338595	GC/G	Not_assoc_w_R	STM
sample_66	gyrA	E21Q	missense_variant	7362	G/C	Not_assoc_w_R	MXF
sample_66	gyrA	S95T	missense_variant	7585	G/C	Not_assoc_w_R	MXF
sample_66	gyrA	G668D	missense_variant	9304	G/A	Not_assoc_w_R	MXF
sample_66	mmpL5	I948V	missense_variant	775639	T/C	Not_assoc_w_R	BDQ
sample_66	Rv1979c	a-129g	upstream_gene_variant	2223293	T/C	Not_assoc_w_R	BDQ
sample_66	Rv3083	H22D	missense_variant	3448567	C/G	Uncertain_significance	ETH
sample_66	mmpL5	I948V	missense_variant	775639	T/C	Not_assoc_w_R	CFZ
sample_66	Rv1979c	a-129g	upstream_gene_variant	2223293	T/C	Not_assoc_w_R	CFZ
sample_68	whiB6	-74_del_1_gc_g	upstream_gene_variant	4338595	GC/G	Not_assoc_w_R	AMI
sample_68	aftB	K522R	missense_variant	4267272	T/C	Uncertain_significance	AMI
sample_68	gyrA	E21Q	missense_variant	7362	G/C	Not_assoc_w_R	LEV
sample_68	gyrA	S95T	missense_variant	7585	G/C	Not_assoc_w_R	LEV
sample_68	gyrA	G668D	missense_variant	9304	G/A	Not_assoc_w_R	LEV
sample_68	whiB6	-74_del_1_gc_g	upstream_gene_variant	4338595	GC/G	Not_assoc_w_R	CAP
sample_68	aftB	K522R	missense_variant	4267272	T/C	Uncertain_significance	CAP
sample_68	rpsL	t-165c	upstream_gene_variant	781395	T/C	Not_assoc_w_R	STM
sample_68	whiB6	-74_del_1_gc_g	upstream_gene_variant	4338595	GC/G	Not_assoc_w_R	STM
sample_68	gyrA	E21Q	missense_variant	7362	G/C	Not_assoc_w_R	MXF
sample_68	gyrA	S95T	missense_variant	7585	G/C	Not_assoc_w_R	MXF
sample_68	gyrA	G668D	missense_variant	9304	G/A	Not_assoc_w_R	MXF
sample_68	mmpL5	I948V	missense_variant	775639	T/C	Not_assoc_w_R	BDQ
sample_68	Rv1979c	a-129g	upstream_gene_variant	2223293	T/C	Not_assoc_w_R	BDQ
sample_68	Rv3083	H22D	missense_variant	3448567	C/G	Uncertain_significance	ETH
sample_68	mmpL5	I948V	missense_variant	775639	T/C	Not_assoc_w_R	CFZ
sample_68	Rv1979c	a-129g	upstream_gene_variant	2223293	T/C	Not_assoc_w_R	CFZ
sample_69	whiB6	-74_del_1_gc_g	upstream_gene_variant	4338595	GC/G	Not_assoc_w_R	AMI
sample_69	aftB	K522R	missense_variant	4267272	T/C	Uncertain_significance	AMI
sample_69	gyrA	E21Q	missense_variant	7362	G/C	Not_assoc_w_R	LEV
sample_69	gyrA	S95T	missense_variant	7585	G/C	Not_assoc_w_R	LEV
sample_69	gyrA	G668D	missense_variant	9304	G/A	Not_assoc_w_R	LEV
sample_69	whiB6	-74_del_1_gc_g	upstream_gene_variant	4338595	GC/G	Not_assoc_w_R	CAP
sample_69	aftB	K522R	missense_variant	4267272	T/C	Uncertain_significance	CAP
sample_69	rpsL	t-165c	upstream_gene_variant	781395	T/C	Not_assoc_w_R	STM
sample_69	whiB6	-74_del_1_gc_g	upstream_gene_variant	4338595	GC/G	Not_assoc_w_R	STM
sample_69	gyrA	E21Q	missense_variant	7362	G/C	Not_assoc_w_R	MXF
sample_69	gyrA	S95T	missense_variant	7585	G/C	Not_assoc_w_R	MXF
sample_69	gyrA	G668D	missense_variant	9304	G/A	Not_assoc_w_R	MXF
sample_69	mmpL5	I948V	missense_variant	775639	T/C	Not_assoc_w_R	BDQ
sample_69	Rv1979c	a-129g	upstream_gene_variant	2223293	T/C	Not_assoc_w_R	BDQ
sample_69	inhA	g-154a	upstream_gene_variant	1674048	G/A	Assoc_w_R_Interim	ETH
sample_69	fabG1	L203L	synonymous_variant	1674048	G/A	Assoc_w_R_Interim	ETH
sample_69	Rv3083	H22D	missense_variant	3448567	C/G	Uncertain_significance	ETH
sample_69	mmpL5	I948V	missense_variant	775639	T/C	Not_assoc_w_R	CFZ
sample_69	Rv1979c	a-129g	upstream_gene_variant	2223293	T/C	Not_assoc_w_R	CFZ
sample_69	inhA	g-154a	upstream_gene_variant	1674048	G/A	Assoc_w_R	INH
sample_69	fabG1	L203L	synonymous_variant	1674048	G/A	Assoc_w_R	INH
sample_70	whiB6	-74_del_1_gc_g	upstream_gene_variant	4338595	GC/G	Not_assoc_w_R	AMI
sample_70	aftB	K522R	missense_variant	4267272	T/C	Uncertain_significance	AMI
sample_70	gyrA	E21Q	missense_variant	7362	G/C	Not_assoc_w_R	LEV
sample_70	gyrA	S95T	missense_variant	7585	G/C	Not_assoc_w_R	LEV
sample_70	gyrA	G668D	missense_variant	9304	G/A	Not_assoc_w_R	LEV
sample_70	whiB6	-74_del_1_gc_g	upstream_gene_variant	4338595	GC/G	Not_assoc_w_R	CAP
sample_70	aftB	K522R	missense_variant	4267272	T/C	Uncertain_significance	CAP
sample_70	rpsL	t-165c	upstream_gene_variant	781395	T/C	Not_assoc_w_R	STM
sample_70	whiB6	-74_del_1_gc_g	upstream_gene_variant	4338595	GC/G	Not_assoc_w_R	STM
sample_70	rpoB	L430P	missense_variant	761095	T/C	Assoc_w_R	RIF
sample_70	Rv2752c	M312V	missense_variant	3065258	T/C	Uncertain_significance	RIF
sample_70	gyrA	E21Q	missense_variant	7362	G/C	Not_assoc_w_R	MXF
sample_70	gyrA	S95T	missense_variant	7585	G/C	Not_assoc_w_R	MXF
sample_70	gyrA	G668D	missense_variant	9304	G/A	Not_assoc_w_R	MXF
sample_70	mmpL5	I948V	missense_variant	775639	T/C	Not_assoc_w_R	BDQ
sample_70	Rv1979c	a-129g	upstream_gene_variant	2223293	T/C	Not_assoc_w_R	BDQ
sample_70	Rv3083	H22D	missense_variant	3448567	C/G	Uncertain_significance	ETH
sample_70	mmpL5	I948V	missense_variant	775639	T/C	Not_assoc_w_R	CFZ
sample_70	Rv1979c	a-129g	upstream_gene_variant	2223293	T/C	Not_assoc_w_R	CFZ
sample_70	Rv2752c	M312V	missense_variant	3065258	T/C	Uncertain_significance	INH
sample_71	whiB6	-74_del_1_gc_g	upstream_gene_variant	4338595	GC/G	Not_assoc_w_R	AMI
sample_71	eis	V314L	missense_variant	2714393	C/G	Uncertain_significance	AMI
sample_71	gyrA	E21Q	missense_variant	7362	G/C	Not_assoc_w_R	LEV
sample_71	gyrA	S95T	missense_variant	7585	G/C	Not_assoc_w_R	LEV
sample_71	gyrA	G668D	missense_variant	9304	G/A	Not_assoc_w_R	LEV
sample_71	gyrA	R607H	missense_variant	9121	G/A	Uncertain_significance	LEV
sample_71	whiB6	-74_del_1_gc_g	upstream_gene_variant	4338595	GC/G	Not_assoc_w_R	CAP
sample_71	rpsL	t-165c	upstream_gene_variant	781395	T/C	Not_assoc_w_R	STM
sample_71	whiB6	-74_del_1_gc_g	upstream_gene_variant	4338595	GC/G	Not_assoc_w_R	STM
sample_71	rpoB	S450L	missense_variant	761155	C/T	Assoc_w_R	RIF
sample_71	rpoB	V534G	missense_variant	761407	T/G	Uncertain_significance	RIF
sample_71	gyrA	E21Q	missense_variant	7362	G/C	Not_assoc_w_R	MXF
sample_71	gyrA	S95T	missense_variant	7585	G/C	Not_assoc_w_R	MXF
sample_71	gyrA	G668D	missense_variant	9304	G/A	Not_assoc_w_R	MXF
sample_71	gyrA	R607H	missense_variant	9121	G/A	Uncertain_significance	MXF
sample_71	mmpL5	I948V	missense_variant	775639	T/C	Not_assoc_w_R	BDQ
sample_71	Rv1979c	a-129g	upstream_gene_variant	2223293	T/C	Not_assoc_w_R	BDQ
sample_71	pncA	V155M	missense_variant	2288779	C/T	Assoc_w_R_Interim	PZA
sample_71	pncA	g-33a	upstream_gene_variant	2289274	C/T	Not_assoc_w_R_Interim	PZA
sample_71	inhA	S94A	missense_variant	1674481	T/G	Assoc_w_R_Interim	ETH
sample_71	mmpL5	I948V	missense_variant	775639	T/C	Not_assoc_w_R	CFZ
sample_71	Rv1979c	a-129g	upstream_gene_variant	2223293	T/C	Not_assoc_w_R	CFZ
sample_71	inhA	S94A	missense_variant	1674481	T/G	Assoc_w_R	INH
sample_71	katG	S140N	missense_variant	2155693	C/T	Uncertain_significance	INH
sample_71	rrl	c1093t	intragenic_variant	1474750	C/T	Uncertain_significance	LZD
sample_72	whiB6	-74_del_1_gc_g	upstream_gene_variant	4338595	GC/G	Not_assoc_w_R	AMI
sample_72	aftB	K522R	missense_variant	4267272	T/C	Uncertain_significance	AMI
sample_72	gyrA	E21Q	missense_variant	7362	G/C	Not_assoc_w_R	LEV
sample_72	gyrA	S95T	missense_variant	7585	G/C	Not_assoc_w_R	LEV
sample_72	gyrA	G668D	missense_variant	9304	G/A	Not_assoc_w_R	LEV
sample_72	gyrA	R65H	missense_variant	7495	G/A	Uncertain_significance	LEV
sample_72	whiB6	-74_del_1_gc_g	upstream_gene_variant	4338595	GC/G	Not_assoc_w_R	CAP
sample_72	aftB	K522R	missense_variant	4267272	T/C	Uncertain_significance	CAP
sample_72	rpsL	t-165c	upstream_gene_variant	781395	T/C	Not_assoc_w_R	STM
sample_72	whiB6	-74_del_1_gc_g	upstream_gene_variant	4338595	GC/G	Not_assoc_w_R	STM
sample_72	gyrA	E21Q	missense_variant	7362	G/C	Not_assoc_w_R	MXF
sample_72	gyrA	S95T	missense_variant	7585	G/C	Not_assoc_w_R	MXF
sample_72	gyrA	G668D	missense_variant	9304	G/A	Not_assoc_w_R	MXF
sample_72	gyrA	R65H	missense_variant	7495	G/A	Uncertain_significance	MXF
sample_72	mmpL5	I948V	missense_variant	775639	T/C	Not_assoc_w_R	BDQ
sample_72	Rv1979c	a-129g	upstream_gene_variant	2223293	T/C	Not_assoc_w_R	BDQ
sample_72	Rv3083	H22D	missense_variant	3448567	C/G	Uncertain_significance	ETH
sample_72	mmpL5	I948V	missense_variant	775639	T/C	Not_assoc_w_R	CFZ
sample_72	Rv1979c	a-129g	upstream_gene_variant	2223293	T/C	Not_assoc_w_R	CFZ
sample_72	embB	P708L	missense_variant	4248636	C/T	Uncertain_significance	EMB
sample_73	whiB6	-74_del_1_gc_g	upstream_gene_variant	4338595	GC/G	Not_assoc_w_R	AMI
sample_73	aftB	K522R	missense_variant	4267272	T/C	Uncertain_significance	AMI
sample_73	gyrA	E21Q	missense_variant	7362	G/C	Not_assoc_w_R	LEV
sample_73	gyrA	S95T	missense_variant	7585	G/C	Not_assoc_w_R	LEV
sample_73	gyrA	G668D	missense_variant	9304	G/A	Not_assoc_w_R	LEV
sample_73	whiB6	-74_del_1_gc_g	upstream_gene_variant	4338595	GC/G	Not_assoc_w_R	CAP
sample_73	aftB	K522R	missense_variant	4267272	T/C	Uncertain_significance	CAP
sample_73	rpsL	t-165c	upstream_gene_variant	781395	T/C	Not_assoc_w_R	STM
sample_73	whiB6	-74_del_1_gc_g	upstream_gene_variant	4338595	GC/G	Not_assoc_w_R	STM
sample_73	gyrA	E21Q	missense_variant	7362	G/C	Not_assoc_w_R	MXF
sample_73	gyrA	S95T	missense_variant	7585	G/C	Not_assoc_w_R	MXF
sample_73	gyrA	G668D	missense_variant	9304	G/A	Not_assoc_w_R	MXF
sample_73	mmpL5	I948V	missense_variant	775639	T/C	Not_assoc_w_R	BDQ
sample_73	Rv1979c	a-129g	upstream_gene_variant	2223293	T/C	Not_assoc_w_R	BDQ
sample_73	Rv3083	H22D	missense_variant	3448567	C/G	Uncertain_significance	ETH
sample_73	mmpL5	I948V	missense_variant	775639	T/C	Not_assoc_w_R	CFZ
sample_73	Rv1979c	a-129g	upstream_gene_variant	2223293	T/C	Not_assoc_w_R	CFZ
sample_74	whiB6	-74_del_1_gc_g	upstream_gene_variant	4338595	GC/G	Not_assoc_w_R	AMI
sample_74	aftB	K522R	missense_variant	4267272	T/C	Uncertain_significance	AMI
sample_74	gyrA	E21Q	missense_variant	7362	G/C	Not_assoc_w_R	LEV
sample_74	gyrA	S95T	missense_variant	7585	G/C	Not_assoc_w_R	LEV
sample_74	gyrA	G668D	missense_variant	9304	G/A	Not_assoc_w_R	LEV
sample_74	whiB6	-74_del_1_gc_g	upstream_gene_variant	4338595	GC/G	Not_assoc_w_R	CAP
sample_74	aftB	K522R	missense_variant	4267272	T/C	Uncertain_significance	CAP
sample_74	rpsL	t-165c	upstream_gene_variant	781395	T/C	Not_assoc_w_R	STM
sample_74	whiB6	-74_del_1_gc_g	upstream_gene_variant	4338595	GC/G	Not_assoc_w_R	STM
sample_74	gyrA	E21Q	missense_variant	7362	G/C	Not_assoc_w_R	MXF
sample_74	gyrA	S95T	missense_variant	7585	G/C	Not_assoc_w_R	MXF
sample_74	gyrA	G668D	missense_variant	9304	G/A	Not_assoc_w_R	MXF
sample_74	mmpL5	I948V	missense_variant	775639	T/C	Not_assoc_w_R	BDQ
sample_74	Rv1979c	a-129g	upstream_gene_variant	2223293	T/C	Not_assoc_w_R	BDQ
sample_74	Rv3083	H22D	missense_variant	3448567	C/G	Uncertain_significance	ETH
sample_74	mmpL5	I948V	missense_variant	775639	T/C	Not_assoc_w_R	CFZ
sample_74	Rv1979c	a-129g	upstream_gene_variant	2223293	T/C	Not_assoc_w_R	CFZ
sample_75	whiB6	-74_del_1_gc_g	upstream_gene_variant	4338595	GC/G	Not_assoc_w_R	AMI
sample_75	aftB	K522R	missense_variant	4267272	T/C	Uncertain_significance	AMI
sample_75	gyrA	E21Q	missense_variant	7362	G/C	Not_assoc_w_R	LEV
sample_75	gyrA	S95T	missense_variant	7585	G/C	Not_assoc_w_R	LEV
sample_75	gyrA	G668D	missense_variant	9304	G/A	Not_assoc_w_R	LEV
sample_75	whiB6	-74_del_1_gc_g	upstream_gene_variant	4338595	GC/G	Not_assoc_w_R	CAP
sample_75	aftB	K522R	missense_variant	4267272	T/C	Uncertain_significance	CAP
sample_75	rpsL	t-165c	upstream_gene_variant	781395	T/C	Not_assoc_w_R	STM
sample_75	whiB6	-74_del_1_gc_g	upstream_gene_variant	4338595	GC/G	Not_assoc_w_R	STM
sample_75	gyrA	E21Q	missense_variant	7362	G/C	Not_assoc_w_R	MXF
sample_75	gyrA	S95T	missense_variant	7585	G/C	Not_assoc_w_R	MXF
sample_75	gyrA	G668D	missense_variant	9304	G/A	Not_assoc_w_R	MXF
sample_75	mmpL5	I948V	missense_variant	775639	T/C	Not_assoc_w_R	BDQ
sample_75	Rv1979c	a-129g	upstream_gene_variant	2223293	T/C	Not_assoc_w_R	BDQ
sample_75	Rv3083	H22D	missense_variant	3448567	C/G	Uncertain_significance	ETH
sample_75	mmpL5	I948V	missense_variant	775639	T/C	Not_assoc_w_R	CFZ
sample_75	Rv1979c	a-129g	upstream_gene_variant	2223293	T/C	Not_assoc_w_R	CFZ
sample_76	whiB6	-74_del_1_gc_g	upstream_gene_variant	4338595	GC/G	Not_assoc_w_R	AMI
sample_76	gyrA	E21Q	missense_variant	7362	G/C	Not_assoc_w_R	LEV
sample_76	gyrA	S95T	missense_variant	7585	G/C	Not_assoc_w_R	LEV
sample_76	gyrA	G668D	missense_variant	9304	G/A	Not_assoc_w_R	LEV
sample_76	gyrB	E654A	missense_variant	7200	A/C	Uncertain_significance	LEV
sample_76	gyrA	A322E	missense_variant	8266	C/A	Uncertain_significance	LEV
sample_76	whiB6	-74_del_1_gc_g	upstream_gene_variant	4338595	GC/G	Not_assoc_w_R	CAP
sample_76	rpsL	t-165c	upstream_gene_variant	781395	T/C	Not_assoc_w_R	STM
sample_76	whiB6	-74_del_1_gc_g	upstream_gene_variant	4338595	GC/G	Not_assoc_w_R	STM
sample_76	gid	R217W	missense_variant	4407554	G/A	Uncertain_significance	STM
sample_76	gyrA	E21Q	missense_variant	7362	G/C	Not_assoc_w_R	MXF
sample_76	gyrA	S95T	missense_variant	7585	G/C	Not_assoc_w_R	MXF
sample_76	gyrA	G668D	missense_variant	9304	G/A	Not_assoc_w_R	MXF
sample_76	gyrB	E654A	missense_variant	7200	A/C	Uncertain_significance	MXF
sample_76	gyrA	A322E	missense_variant	8266	C/A	Uncertain_significance	MXF
sample_76	mmpL5	I948V	missense_variant	775639	T/C	Not_assoc_w_R	BDQ
sample_76	Rv1979c	a-129g	upstream_gene_variant	2223293	T/C	Not_assoc_w_R	BDQ
sample_76	mmpL5	I948V	missense_variant	775639	T/C	Not_assoc_w_R	CFZ
sample_76	Rv1979c	a-129g	upstream_gene_variant	2223293	T/C	Not_assoc_w_R	CFZ
sample_76	Rv1979c	G214S	missense_variant	2222525	C/T	Uncertain_significance	CFZ
sample_77	whiB6	-74_del_1_gc_g	upstream_gene_variant	4338595	GC/G	Not_assoc_w_R	AMI
sample_77	aftB	K522R	missense_variant	4267272	T/C	Uncertain_significance	AMI
sample_77	gyrA	E21Q	missense_variant	7362	G/C	Not_assoc_w_R	LEV
sample_77	gyrA	S95T	missense_variant	7585	G/C	Not_assoc_w_R	LEV
sample_77	gyrA	G668D	missense_variant	9304	G/A	Not_assoc_w_R	LEV
sample_77	whiB6	-74_del_1_gc_g	upstream_gene_variant	4338595	GC/G	Not_assoc_w_R	CAP
sample_77	aftB	K522R	missense_variant	4267272	T/C	Uncertain_significance	CAP
sample_77	rpsL	t-165c	upstream_gene_variant	781395	T/C	Not_assoc_w_R	STM
sample_77	whiB6	-74_del_1_gc_g	upstream_gene_variant	4338595	GC/G	Not_assoc_w_R	STM
sample_77	gyrA	E21Q	missense_variant	7362	G/C	Not_assoc_w_R	MXF
sample_77	gyrA	S95T	missense_variant	7585	G/C	Not_assoc_w_R	MXF
sample_77	gyrA	G668D	missense_variant	9304	G/A	Not_assoc_w_R	MXF
sample_77	mmpL5	I948V	missense_variant	775639	T/C	Not_assoc_w_R	BDQ
sample_77	Rv1979c	a-129g	upstream_gene_variant	2223293	T/C	Not_assoc_w_R	BDQ
sample_77	pncA	A146T	missense_variant	2288806	C/T	Assoc_w_R	PZA
sample_77	Rv3083	H22D	missense_variant	3448567	C/G	Uncertain_significance	ETH
sample_77	mmpL5	I948V	missense_variant	775639	T/C	Not_assoc_w_R	CFZ
sample_77	Rv1979c	a-129g	upstream_gene_variant	2223293	T/C	Not_assoc_w_R	CFZ
sample_78	whiB6	-74_del_1_gc_g	upstream_gene_variant	4338595	GC/G	Not_assoc_w_R	AMI
sample_78	aftB	K522R	missense_variant	4267272	T/C	Uncertain_significance	AMI
sample_78	gyrA	E21Q	missense_variant	7362	G/C	Not_assoc_w_R	LEV
sample_78	gyrA	S95T	missense_variant	7585	G/C	Not_assoc_w_R	LEV
sample_78	gyrA	G668D	missense_variant	9304	G/A	Not_assoc_w_R	LEV
sample_78	whiB6	-74_del_1_gc_g	upstream_gene_variant	4338595	GC/G	Not_assoc_w_R	CAP
sample_78	aftB	K522R	missense_variant	4267272	T/C	Uncertain_significance	CAP
sample_78	rpsL	t-165c	upstream_gene_variant	781395	T/C	Not_assoc_w_R	STM
sample_78	whiB6	-74_del_1_gc_g	upstream_gene_variant	4338595	GC/G	Not_assoc_w_R	STM
sample_78	gyrA	E21Q	missense_variant	7362	G/C	Not_assoc_w_R	MXF
sample_78	gyrA	S95T	missense_variant	7585	G/C	Not_assoc_w_R	MXF
sample_78	gyrA	G668D	missense_variant	9304	G/A	Not_assoc_w_R	MXF
sample_78	mmpL5	I948V	missense_variant	775639	T/C	Not_assoc_w_R	BDQ
sample_78	Rv1979c	a-129g	upstream_gene_variant	2223293	T/C	Not_assoc_w_R	BDQ
sample_78	Rv3083	H22D	missense_variant	3448567	C/G	Uncertain_significance	ETH
sample_78	mmpL5	I948V	missense_variant	775639	T/C	Not_assoc_w_R	CFZ
sample_78	Rv1979c	a-129g	upstream_gene_variant	2223293	T/C	Not_assoc_w_R	CFZ
sample_79	whiB6	-74_del_1_gc_g	upstream_gene_variant	4338595	GC/G	Not_assoc_w_R	AMI
sample_79	aftB	K522R	missense_variant	4267272	T/C	Uncertain_significance	AMI
sample_79	whiB6	A49D	missense_variant	4338376	G/T	Uncertain_significance	AMI
sample_79	gyrA	E21Q	missense_variant	7362	G/C	Not_assoc_w_R	LEV
sample_79	gyrA	S95T	missense_variant	7585	G/C	Not_assoc_w_R	LEV
sample_79	gyrA	G668D	missense_variant	9304	G/A	Not_assoc_w_R	LEV
sample_79	whiB6	-74_del_1_gc_g	upstream_gene_variant	4338595	GC/G	Not_assoc_w_R	CAP
sample_79	aftB	K522R	missense_variant	4267272	T/C	Uncertain_significance	CAP
sample_79	whiB6	A49D	missense_variant	4338376	G/T	Uncertain_significance	CAP
sample_79	rpsL	t-165c	upstream_gene_variant	781395	T/C	Not_assoc_w_R	STM
sample_79	whiB6	-74_del_1_gc_g	upstream_gene_variant	4338595	GC/G	Not_assoc_w_R	STM
sample_79	whiB6	A49D	missense_variant	4338376	G/T	Uncertain_significance	STM
sample_79	gyrA	E21Q	missense_variant	7362	G/C	Not_assoc_w_R	MXF
sample_79	gyrA	S95T	missense_variant	7585	G/C	Not_assoc_w_R	MXF
sample_79	gyrA	G668D	missense_variant	9304	G/A	Not_assoc_w_R	MXF
sample_79	mmpL5	I948V	missense_variant	775639	T/C	Not_assoc_w_R	BDQ
sample_79	Rv1979c	a-129g	upstream_gene_variant	2223293	T/C	Not_assoc_w_R	BDQ
sample_79	fabG1	c-15t	upstream_gene_variant	1673425	C/T	Assoc_w_R	ETH
sample_79	inhA	c-777t	upstream_gene_variant	1673425	C/T	Assoc_w_R	ETH
sample_79	Rv3083	H22D	missense_variant	3448567	C/G	Uncertain_significance	ETH
sample_79	mmpL5	I948V	missense_variant	775639	T/C	Not_assoc_w_R	CFZ
sample_79	Rv1979c	a-129g	upstream_gene_variant	2223293	T/C	Not_assoc_w_R	CFZ
sample_79	fabG1	c-15t	upstream_gene_variant	1673425	C/T	Assoc_w_R	INH
sample_79	inhA	c-777t	upstream_gene_variant	1673425	C/T	Assoc_w_R	INH
sample_80	whiB6	-74_del_1_gc_g	upstream_gene_variant	4338595	GC/G	Not_assoc_w_R	AMI
sample_80	aftB	K522R	missense_variant	4267272	T/C	Uncertain_significance	AMI
sample_80	whiB6	A49D	missense_variant	4338376	G/T	Uncertain_significance	AMI
sample_80	gyrA	E21Q	missense_variant	7362	G/C	Not_assoc_w_R	LEV
sample_80	gyrA	S95T	missense_variant	7585	G/C	Not_assoc_w_R	LEV
sample_80	gyrA	G668D	missense_variant	9304	G/A	Not_assoc_w_R	LEV
sample_80	whiB6	-74_del_1_gc_g	upstream_gene_variant	4338595	GC/G	Not_assoc_w_R	CAP
sample_80	aftB	K522R	missense_variant	4267272	T/C	Uncertain_significance	CAP
sample_80	whiB6	A49D	missense_variant	4338376	G/T	Uncertain_significance	CAP
sample_80	rpsL	t-165c	upstream_gene_variant	781395	T/C	Not_assoc_w_R	STM
sample_80	whiB6	-74_del_1_gc_g	upstream_gene_variant	4338595	GC/G	Not_assoc_w_R	STM
sample_80	whiB6	A49D	missense_variant	4338376	G/T	Uncertain_significance	STM
sample_80	gyrA	E21Q	missense_variant	7362	G/C	Not_assoc_w_R	MXF
sample_80	gyrA	S95T	missense_variant	7585	G/C	Not_assoc_w_R	MXF
sample_80	gyrA	G668D	missense_variant	9304	G/A	Not_assoc_w_R	MXF
sample_80	mmpL5	I948V	missense_variant	775639	T/C	Not_assoc_w_R	BDQ
sample_80	Rv1979c	a-129g	upstream_gene_variant	2223293	T/C	Not_assoc_w_R	BDQ
sample_80	fabG1	c-15t	upstream_gene_variant	1673425	C/T	Assoc_w_R	ETH
sample_80	inhA	c-777t	upstream_gene_variant	1673425	C/T	Assoc_w_R	ETH
sample_80	Rv3083	H22D	missense_variant	3448567	C/G	Uncertain_significance	ETH
sample_80	mmpL5	I948V	missense_variant	775639	T/C	Not_assoc_w_R	CFZ
sample_80	Rv1979c	a-129g	upstream_gene_variant	2223293	T/C	Not_assoc_w_R	CFZ
sample_80	fabG1	c-15t	upstream_gene_variant	1673425	C/T	Assoc_w_R	INH
sample_80	inhA	c-777t	upstream_gene_variant	1673425	C/T	Assoc_w_R	INH
sample_81	whiB6	-74_del_1_gc_g	upstream_gene_variant	4338595	GC/G	Not_assoc_w_R	AMI
sample_81	eis	V314L	missense_variant	2714393	C/G	Uncertain_significance	AMI
sample_81	gyrA	E21Q	missense_variant	7362	G/C	Not_assoc_w_R	LEV
sample_81	gyrA	S95T	missense_variant	7585	G/C	Not_assoc_w_R	LEV
sample_81	gyrA	G668D	missense_variant	9304	G/A	Not_assoc_w_R	LEV
sample_81	gyrA	R607H	missense_variant	9121	G/A	Uncertain_significance	LEV
sample_81	whiB6	-74_del_1_gc_g	upstream_gene_variant	4338595	GC/G	Not_assoc_w_R	CAP
sample_81	rpsL	K88R	missense_variant	781822	A/G	Assoc_w_R	STM
sample_81	rpsL	t-165c	upstream_gene_variant	781395	T/C	Not_assoc_w_R	STM
sample_81	whiB6	-74_del_1_gc_g	upstream_gene_variant	4338595	GC/G	Not_assoc_w_R	STM
sample_81	gyrA	E21Q	missense_variant	7362	G/C	Not_assoc_w_R	MXF
sample_81	gyrA	S95T	missense_variant	7585	G/C	Not_assoc_w_R	MXF
sample_81	gyrA	G668D	missense_variant	9304	G/A	Not_assoc_w_R	MXF
sample_81	gyrA	R607H	missense_variant	9121	G/A	Uncertain_significance	MXF
sample_81	mmpL5	I948V	missense_variant	775639	T/C	Not_assoc_w_R	BDQ
sample_81	Rv1979c	a-129g	upstream_gene_variant	2223293	T/C	Not_assoc_w_R	BDQ
sample_81	pncA	g-33a	upstream_gene_variant	2289274	C/T	Not_assoc_w_R_Interim	PZA
sample_81	mmpL5	I948V	missense_variant	775639	T/C	Not_assoc_w_R	CFZ
sample_81	Rv1979c	a-129g	upstream_gene_variant	2223293	T/C	Not_assoc_w_R	CFZ
sample_81	rrl	c1093t	intragenic_variant	1474750	C/T	Uncertain_significance	LZD
sample_82	whiB6	-74_del_1_gc_g	upstream_gene_variant	4338595	GC/G	Not_assoc_w_R	AMI
sample_82	aftB	K522R	missense_variant	4267272	T/C	Uncertain_significance	AMI
sample_82	gyrA	E21Q	missense_variant	7362	G/C	Not_assoc_w_R	LEV
sample_82	gyrA	S95T	missense_variant	7585	G/C	Not_assoc_w_R	LEV
sample_82	gyrA	G668D	missense_variant	9304	G/A	Not_assoc_w_R	LEV
sample_82	whiB6	-74_del_1_gc_g	upstream_gene_variant	4338595	GC/G	Not_assoc_w_R	CAP
sample_82	aftB	K522R	missense_variant	4267272	T/C	Uncertain_significance	CAP
sample_82	rpsL	t-165c	upstream_gene_variant	781395	T/C	Not_assoc_w_R	STM
sample_82	whiB6	-74_del_1_gc_g	upstream_gene_variant	4338595	GC/G	Not_assoc_w_R	STM
sample_82	gyrA	E21Q	missense_variant	7362	G/C	Not_assoc_w_R	MXF
sample_82	gyrA	S95T	missense_variant	7585	G/C	Not_assoc_w_R	MXF
sample_82	gyrA	G668D	missense_variant	9304	G/A	Not_assoc_w_R	MXF
sample_82	mmpL5	I948V	missense_variant	775639	T/C	Not_assoc_w_R	BDQ
sample_82	Rv1979c	a-129g	upstream_gene_variant	2223293	T/C	Not_assoc_w_R	BDQ
sample_82	fabG1	c-15t	upstream_gene_variant	1673425	C/T	Assoc_w_R	ETH
sample_82	inhA	c-777t	upstream_gene_variant	1673425	C/T	Assoc_w_R	ETH
sample_82	Rv3083	H22D	missense_variant	3448567	C/G	Uncertain_significance	ETH
sample_82	mmpL5	I948V	missense_variant	775639	T/C	Not_assoc_w_R	CFZ
sample_82	Rv1979c	a-129g	upstream_gene_variant	2223293	T/C	Not_assoc_w_R	CFZ
sample_82	fabG1	c-15t	upstream_gene_variant	1673425	C/T	Assoc_w_R	INH
sample_82	inhA	c-777t	upstream_gene_variant	1673425	C/T	Assoc_w_R	INH
sample_83	whiB6	-74_del_1_gc_g	upstream_gene_variant	4338595	GC/G	Not_assoc_w_R	AMI
sample_83	aftB	K522R	missense_variant	4267272	T/C	Uncertain_significance	AMI
sample_83	gyrA	E21Q	missense_variant	7362	G/C	Not_assoc_w_R	LEV
sample_83	gyrA	S95T	missense_variant	7585	G/C	Not_assoc_w_R	LEV
sample_83	gyrA	G668D	missense_variant	9304	G/A	Not_assoc_w_R	LEV
sample_83	whiB6	-74_del_1_gc_g	upstream_gene_variant	4338595	GC/G	Not_assoc_w_R	CAP
sample_83	aftB	K522R	missense_variant	4267272	T/C	Uncertain_significance	CAP
sample_83	rpsL	t-165c	upstream_gene_variant	781395	T/C	Not_assoc_w_R	STM
sample_83	whiB6	-74_del_1_gc_g	upstream_gene_variant	4338595	GC/G	Not_assoc_w_R	STM
sample_83	rpoB	H445D	missense_variant	761139	C/G	Assoc_w_R	RIF
sample_83	gyrA	E21Q	missense_variant	7362	G/C	Not_assoc_w_R	MXF
sample_83	gyrA	S95T	missense_variant	7585	G/C	Not_assoc_w_R	MXF
sample_83	gyrA	G668D	missense_variant	9304	G/A	Not_assoc_w_R	MXF
sample_83	mmpL5	I948V	missense_variant	775639	T/C	Not_assoc_w_R	BDQ
sample_83	Rv1979c	a-129g	upstream_gene_variant	2223293	T/C	Not_assoc_w_R	BDQ
sample_83	Rv3083	H22D	missense_variant	3448567	C/G	Uncertain_significance	ETH
sample_83	mmpL5	I948V	missense_variant	775639	T/C	Not_assoc_w_R	CFZ
sample_83	Rv1979c	a-129g	upstream_gene_variant	2223293	T/C	Not_assoc_w_R	CFZ
sample_83	katG	E709G	missense_variant	2153986	T/C	Uncertain_significance	INH
sample_84	whiB6	-74_del_1_gc_g	upstream_gene_variant	4338595	GC/G	Not_assoc_w_R	AMI
sample_84	gyrA	E21Q	missense_variant	7362	G/C	Not_assoc_w_R	LEV
sample_84	gyrA	S95T	missense_variant	7585	G/C	Not_assoc_w_R	LEV
sample_84	gyrA	G668D	missense_variant	9304	G/A	Not_assoc_w_R	LEV
sample_84	gyrA	A322E	missense_variant	8266	C/A	Uncertain_significance	LEV
sample_84	whiB6	-74_del_1_gc_g	upstream_gene_variant	4338595	GC/G	Not_assoc_w_R	CAP
sample_84	rpsL	t-165c	upstream_gene_variant	781395	T/C	Not_assoc_w_R	STM
sample_84	whiB6	-74_del_1_gc_g	upstream_gene_variant	4338595	GC/G	Not_assoc_w_R	STM
sample_84	gyrA	E21Q	missense_variant	7362	G/C	Not_assoc_w_R	MXF
sample_84	gyrA	S95T	missense_variant	7585	G/C	Not_assoc_w_R	MXF
sample_84	gyrA	G668D	missense_variant	9304	G/A	Not_assoc_w_R	MXF
sample_84	gyrA	A322E	missense_variant	8266	C/A	Uncertain_significance	MXF
sample_84	mmpL5	I948V	missense_variant	775639	T/C	Not_assoc_w_R	BDQ
sample_84	Rv1979c	a-129g	upstream_gene_variant	2223293	T/C	Not_assoc_w_R	BDQ
sample_84	mmpL5	I948V	missense_variant	775639	T/C	Not_assoc_w_R	CFZ
sample_84	Rv1979c	a-129g	upstream_gene_variant	2223293	T/C	Not_assoc_w_R	CFZ
sample_85	whiB6	-74_del_1_gc_g	upstream_gene_variant	4338595	GC/G	Not_assoc_w_R	AMI
sample_85	aftB	K522R	missense_variant	4267272	T/C	Uncertain_significance	AMI
sample_85	gyrA	E21Q	missense_variant	7362	G/C	Not_assoc_w_R	LEV
sample_85	gyrA	S95T	missense_variant	7585	G/C	Not_assoc_w_R	LEV
sample_85	gyrA	G668D	missense_variant	9304	G/A	Not_assoc_w_R	LEV
sample_85	whiB6	-74_del_1_gc_g	upstream_gene_variant	4338595	GC/G	Not_assoc_w_R	CAP
sample_85	aftB	K522R	missense_variant	4267272	T/C	Uncertain_significance	CAP
sample_85	rpsL	t-165c	upstream_gene_variant	781395	T/C	Not_assoc_w_R	STM
sample_85	whiB6	-74_del_1_gc_g	upstream_gene_variant	4338595	GC/G	Not_assoc_w_R	STM
sample_85	gid	L74S	missense_variant	4407982	A/G	Uncertain_significance	STM
sample_85	rpoB	S450L	missense_variant	761155	C/T	Assoc_w_R	RIF
sample_85	rpoB	D571A	missense_variant	761518	A/C	Uncertain_significance	RIF
sample_85	gyrA	E21Q	missense_variant	7362	G/C	Not_assoc_w_R	MXF
sample_85	gyrA	S95T	missense_variant	7585	G/C	Not_assoc_w_R	MXF
sample_85	gyrA	G668D	missense_variant	9304	G/A	Not_assoc_w_R	MXF
sample_85	mmpL5	I948V	missense_variant	775639	T/C	Not_assoc_w_R	BDQ
sample_85	Rv1979c	a-129g	upstream_gene_variant	2223293	T/C	Not_assoc_w_R	BDQ
sample_85	Rv3083	H22D	missense_variant	3448567	C/G	Uncertain_significance	ETH
sample_85	mmpL5	I948V	missense_variant	775639	T/C	Not_assoc_w_R	CFZ
sample_85	Rv1979c	a-129g	upstream_gene_variant	2223293	T/C	Not_assoc_w_R	CFZ
sample_86	whiB6	-74_del_1_gc_g	upstream_gene_variant	4338595	GC/G	Not_assoc_w_R	AMI
sample_86	gyrA	E21Q	missense_variant	7362	G/C	Not_assoc_w_R	LEV
sample_86	gyrA	S95T	missense_variant	7585	G/C	Not_assoc_w_R	LEV
sample_86	gyrA	G668D	missense_variant	9304	G/A	Not_assoc_w_R	LEV
sample_86	gyrB	E654A	missense_variant	7200	A/C	Uncertain_significance	LEV
sample_86	gyrA	A322E	missense_variant	8266	C/A	Uncertain_significance	LEV
sample_86	whiB6	-74_del_1_gc_g	upstream_gene_variant	4338595	GC/G	Not_assoc_w_R	CAP
sample_86	rpsL	t-165c	upstream_gene_variant	781395	T/C	Not_assoc_w_R	STM
sample_86	whiB6	-74_del_1_gc_g	upstream_gene_variant	4338595	GC/G	Not_assoc_w_R	STM
sample_86	gid	R217W	missense_variant	4407554	G/A	Uncertain_significance	STM
sample_86	gyrA	E21Q	missense_variant	7362	G/C	Not_assoc_w_R	MXF
sample_86	gyrA	S95T	missense_variant	7585	G/C	Not_assoc_w_R	MXF
sample_86	gyrA	G668D	missense_variant	9304	G/A	Not_assoc_w_R	MXF
sample_86	gyrB	E654A	missense_variant	7200	A/C	Uncertain_significance	MXF
sample_86	gyrA	A322E	missense_variant	8266	C/A	Uncertain_significance	MXF
sample_86	mmpL5	I948V	missense_variant	775639	T/C	Not_assoc_w_R	BDQ
sample_86	Rv1979c	a-129g	upstream_gene_variant	2223293	T/C	Not_assoc_w_R	BDQ
sample_86	mmpL5	I948V	missense_variant	775639	T/C	Not_assoc_w_R	CFZ
sample_86	Rv1979c	a-129g	upstream_gene_variant	2223293	T/C	Not_assoc_w_R	CFZ
sample_86	Rv1979c	G214S	missense_variant	2222525	C/T	Uncertain_significance	CFZ
sample_87	whiB6	-74_del_1_gc_g	upstream_gene_variant	4338595	GC/G	Not_assoc_w_R	AMI
sample_87	aftB	K522R	missense_variant	4267272	T/C	Uncertain_significance	AMI
sample_87	gyrA	E21Q	missense_variant	7362	G/C	Not_assoc_w_R	LEV
sample_87	gyrA	S95T	missense_variant	7585	G/C	Not_assoc_w_R	LEV
sample_87	gyrA	G668D	missense_variant	9304	G/A	Not_assoc_w_R	LEV
sample_87	whiB6	-74_del_1_gc_g	upstream_gene_variant	4338595	GC/G	Not_assoc_w_R	CAP
sample_87	aftB	K522R	missense_variant	4267272	T/C	Uncertain_significance	CAP
sample_87	rpsL	t-165c	upstream_gene_variant	781395	T/C	Not_assoc_w_R	STM
sample_87	whiB6	-74_del_1_gc_g	upstream_gene_variant	4338595	GC/G	Not_assoc_w_R	STM
sample_87	gid	L74S	missense_variant	4407982	A/G	Uncertain_significance	STM
sample_87	rpoB	S450L	missense_variant	761155	C/T	Assoc_w_R	RIF
sample_87	rpoB	D571A	missense_variant	761518	A/C	Uncertain_significance	RIF
sample_87	gyrA	E21Q	missense_variant	7362	G/C	Not_assoc_w_R	MXF
sample_87	gyrA	S95T	missense_variant	7585	G/C	Not_assoc_w_R	MXF
sample_87	gyrA	G668D	missense_variant	9304	G/A	Not_assoc_w_R	MXF
sample_87	mmpL5	I948V	missense_variant	775639	T/C	Not_assoc_w_R	BDQ
sample_87	Rv1979c	a-129g	upstream_gene_variant	2223293	T/C	Not_assoc_w_R	BDQ
sample_87	Rv3083	H22D	missense_variant	3448567	C/G	Uncertain_significance	ETH
sample_87	mmpL5	I948V	missense_variant	775639	T/C	Not_assoc_w_R	CFZ
sample_87	Rv1979c	a-129g	upstream_gene_variant	2223293	T/C	Not_assoc_w_R	CFZ
sample_88	whiB6	-74_del_1_gc_g	upstream_gene_variant	4338595	GC/G	Not_assoc_w_R	AMI
sample_88	aftB	K522R	missense_variant	4267272	T/C	Uncertain_significance	AMI
sample_88	gyrA	E21Q	missense_variant	7362	G/C	Not_assoc_w_R	LEV
sample_88	gyrA	S95T	missense_variant	7585	G/C	Not_assoc_w_R	LEV
sample_88	gyrA	G668D	missense_variant	9304	G/A	Not_assoc_w_R	LEV
sample_88	whiB6	-74_del_1_gc_g	upstream_gene_variant	4338595	GC/G	Not_assoc_w_R	CAP
sample_88	aftB	K522R	missense_variant	4267272	T/C	Uncertain_significance	CAP
sample_88	rpsL	t-165c	upstream_gene_variant	781395	T/C	Not_assoc_w_R	STM
sample_88	whiB6	-74_del_1_gc_g	upstream_gene_variant	4338595	GC/G	Not_assoc_w_R	STM
sample_88	gid	L74S	missense_variant	4407982	A/G	Uncertain_significance	STM
sample_88	rpoB	S450L	missense_variant	761155	C/T	Assoc_w_R	RIF
sample_88	rpoB	D571A	missense_variant	761518	A/C	Uncertain_significance	RIF
sample_88	gyrA	E21Q	missense_variant	7362	G/C	Not_assoc_w_R	MXF
sample_88	gyrA	S95T	missense_variant	7585	G/C	Not_assoc_w_R	MXF
sample_88	gyrA	G668D	missense_variant	9304	G/A	Not_assoc_w_R	MXF
sample_88	mmpL5	I948V	missense_variant	775639	T/C	Not_assoc_w_R	BDQ
sample_88	Rv1979c	a-129g	upstream_gene_variant	2223293	T/C	Not_assoc_w_R	BDQ
sample_88	Rv3083	H22D	missense_variant	3448567	C/G	Uncertain_significance	ETH
sample_88	mmpL5	I948V	missense_variant	775639	T/C	Not_assoc_w_R	CFZ
sample_88	Rv1979c	a-129g	upstream_gene_variant	2223293	T/C	Not_assoc_w_R	CFZ
sample_89	whiB6	-74_del_1_gc_g	upstream_gene_variant	4338595	GC/G	Not_assoc_w_R	AMI
sample_89	aftB	K522R	missense_variant	4267272	T/C	Uncertain_significance	AMI
sample_89	gyrA	E21Q	missense_variant	7362	G/C	Not_assoc_w_R	LEV
sample_89	gyrA	S95T	missense_variant	7585	G/C	Not_assoc_w_R	LEV
sample_89	gyrA	G668D	missense_variant	9304	G/A	Not_assoc_w_R	LEV
sample_89	whiB6	-74_del_1_gc_g	upstream_gene_variant	4338595	GC/G	Not_assoc_w_R	CAP
sample_89	aftB	K522R	missense_variant	4267272	T/C	Uncertain_significance	CAP
sample_89	rpsL	K43R	missense_variant	781687	A/G	Assoc_w_R	STM
sample_89	rpsL	t-165c	upstream_gene_variant	781395	T/C	Not_assoc_w_R	STM
sample_89	whiB6	-74_del_1_gc_g	upstream_gene_variant	4338595	GC/G	Not_assoc_w_R	STM
sample_89	rpoB	S450L	missense_variant	761155	C/T	Assoc_w_R	RIF
sample_89	gyrA	E21Q	missense_variant	7362	G/C	Not_assoc_w_R	MXF
sample_89	gyrA	S95T	missense_variant	7585	G/C	Not_assoc_w_R	MXF
sample_89	gyrA	G668D	missense_variant	9304	G/A	Not_assoc_w_R	MXF
sample_89	mmpL5	I948V	missense_variant	775639	T/C	Not_assoc_w_R	BDQ
sample_89	Rv1979c	a-129g	upstream_gene_variant	2223293	T/C	Not_assoc_w_R	BDQ
sample_89	Rv3083	H22D	missense_variant	3448567	C/G	Uncertain_significance	ETH
sample_89	mmpL5	I948V	missense_variant	775639	T/C	Not_assoc_w_R	CFZ
sample_89	Rv1979c	a-129g	upstream_gene_variant	2223293	T/C	Not_assoc_w_R	CFZ
sample_90	whiB6	-74_del_1_gc_g	upstream_gene_variant	4338595	GC/G	Not_assoc_w_R	AMI
sample_90	aftB	K522R	missense_variant	4267272	T/C	Uncertain_significance	AMI
sample_90	gyrA	E21Q	missense_variant	7362	G/C	Not_assoc_w_R	LEV
sample_90	gyrA	S95T	missense_variant	7585	G/C	Not_assoc_w_R	LEV
sample_90	gyrA	G668D	missense_variant	9304	G/A	Not_assoc_w_R	LEV
sample_90	whiB6	-74_del_1_gc_g	upstream_gene_variant	4338595	GC/G	Not_assoc_w_R	CAP
sample_90	aftB	K522R	missense_variant	4267272	T/C	Uncertain_significance	CAP
sample_90	rpsL	t-165c	upstream_gene_variant	781395	T/C	Not_assoc_w_R	STM
sample_90	whiB6	-74_del_1_gc_g	upstream_gene_variant	4338595	GC/G	Not_assoc_w_R	STM
sample_90	rpoB	H445Y	missense_variant	761139	C/T	Assoc_w_R	RIF
sample_90	gyrA	E21Q	missense_variant	7362	G/C	Not_assoc_w_R	MXF
sample_90	gyrA	S95T	missense_variant	7585	G/C	Not_assoc_w_R	MXF
sample_90	gyrA	G668D	missense_variant	9304	G/A	Not_assoc_w_R	MXF
sample_90	mmpL5	I948V	missense_variant	775639	T/C	Not_assoc_w_R	BDQ
sample_90	Rv1979c	a-129g	upstream_gene_variant	2223293	T/C	Not_assoc_w_R	BDQ
sample_90	Rv3083	H22D	missense_variant	3448567	C/G	Uncertain_significance	ETH
sample_90	mmpL5	I948V	missense_variant	775639	T/C	Not_assoc_w_R	CFZ
sample_90	Rv1979c	a-129g	upstream_gene_variant	2223293	T/C	Not_assoc_w_R	CFZ
sample_91	whiB6	-74_del_1_gc_g	upstream_gene_variant	4338595	GC/G	Not_assoc_w_R	AMI
sample_91	aftB	K522R	missense_variant	4267272	T/C	Uncertain_significance	AMI
sample_91	gyrA	E21Q	missense_variant	7362	G/C	Not_assoc_w_R	LEV
sample_91	gyrA	S95T	missense_variant	7585	G/C	Not_assoc_w_R	LEV
sample_91	gyrA	G668D	missense_variant	9304	G/A	Not_assoc_w_R	LEV
sample_91	whiB6	-74_del_1_gc_g	upstream_gene_variant	4338595	GC/G	Not_assoc_w_R	CAP
sample_91	aftB	K522R	missense_variant	4267272	T/C	Uncertain_significance	CAP
sample_91	rpsL	t-165c	upstream_gene_variant	781395	T/C	Not_assoc_w_R	STM
sample_91	whiB6	-74_del_1_gc_g	upstream_gene_variant	4338595	GC/G	Not_assoc_w_R	STM
sample_91	rpoB	S450L	missense_variant	761155	C/T	Assoc_w_R	RIF
sample_91	gyrA	E21Q	missense_variant	7362	G/C	Not_assoc_w_R	MXF
sample_91	gyrA	S95T	missense_variant	7585	G/C	Not_assoc_w_R	MXF
sample_91	gyrA	G668D	missense_variant	9304	G/A	Not_assoc_w_R	MXF
sample_91	mmpL5	I948V	missense_variant	775639	T/C	Not_assoc_w_R	BDQ
sample_91	Rv1979c	a-129g	upstream_gene_variant	2223293	T/C	Not_assoc_w_R	BDQ
sample_91	Rv3083	H22D	missense_variant	3448567	C/G	Uncertain_significance	ETH
sample_91	mmpL5	I948V	missense_variant	775639	T/C	Not_assoc_w_R	CFZ
sample_91	Rv1979c	a-129g	upstream_gene_variant	2223293	T/C	Not_assoc_w_R	CFZ
sample_92	whiB6	-74_del_1_gc_g	upstream_gene_variant	4338595	GC/G	Not_assoc_w_R	AMI
sample_92	aftB	K522R	missense_variant	4267272	T/C	Uncertain_significance	AMI
sample_92	gyrA	E21Q	missense_variant	7362	G/C	Not_assoc_w_R	LEV
sample_92	gyrA	S95T	missense_variant	7585	G/C	Not_assoc_w_R	LEV
sample_92	gyrA	G668D	missense_variant	9304	G/A	Not_assoc_w_R	LEV
sample_92	whiB6	-74_del_1_gc_g	upstream_gene_variant	4338595	GC/G	Not_assoc_w_R	CAP
sample_92	aftB	K522R	missense_variant	4267272	T/C	Uncertain_significance	CAP
sample_92	rpsL	K43R	missense_variant	781687	A/G	Assoc_w_R	STM
sample_92	rpsL	t-165c	upstream_gene_variant	781395	T/C	Not_assoc_w_R	STM
sample_92	whiB6	-74_del_1_gc_g	upstream_gene_variant	4338595	GC/G	Not_assoc_w_R	STM
sample_92	rpoB	S450L	missense_variant	761155	C/T	Assoc_w_R	RIF
sample_92	rpoB	D574E	missense_variant	761528	C/A	Uncertain_significance	RIF
sample_92	gyrA	E21Q	missense_variant	7362	G/C	Not_assoc_w_R	MXF
sample_92	gyrA	S95T	missense_variant	7585	G/C	Not_assoc_w_R	MXF
sample_92	gyrA	G668D	missense_variant	9304	G/A	Not_assoc_w_R	MXF
sample_92	mmpL5	I948V	missense_variant	775639	T/C	Not_assoc_w_R	BDQ
sample_92	Rv1979c	a-129g	upstream_gene_variant	2223293	T/C	Not_assoc_w_R	BDQ
sample_92	Rv3083	H22D	missense_variant	3448567	C/G	Uncertain_significance	ETH
sample_92	mmpL5	I948V	missense_variant	775639	T/C	Not_assoc_w_R	CFZ
sample_92	Rv1979c	a-129g	upstream_gene_variant	2223293	T/C	Not_assoc_w_R	CFZ
sample_92	embB	G406A	missense_variant	4247730	G/C	Assoc_w_R	EMB
sample_92	ubiA	W175C	missense_variant	4269309	C/A	Uncertain_significance	EMB
sample_92	katG	S315T	missense_variant	2155168	C/G	Assoc_w_R	INH
sample_93	whiB6	-74_del_1_gc_g	upstream_gene_variant	4338595	GC/G	Not_assoc_w_R	AMI
sample_93	aftB	K522R	missense_variant	4267272	T/C	Uncertain_significance	AMI
sample_93	gyrA	E21Q	missense_variant	7362	G/C	Not_assoc_w_R	LEV
sample_93	gyrA	S95T	missense_variant	7585	G/C	Not_assoc_w_R	LEV
sample_93	gyrA	G668D	missense_variant	9304	G/A	Not_assoc_w_R	LEV
sample_93	whiB6	-74_del_1_gc_g	upstream_gene_variant	4338595	GC/G	Not_assoc_w_R	CAP
sample_93	aftB	K522R	missense_variant	4267272	T/C	Uncertain_significance	CAP
sample_93	gid	116_del_1_cg_c	frameshift_variant	4408087	CG/C	Assoc_w_R_Interim	STM
sample_93	rpsL	t-165c	upstream_gene_variant	781395	T/C	Not_assoc_w_R	STM
sample_93	whiB6	-74_del_1_gc_g	upstream_gene_variant	4338595	GC/G	Not_assoc_w_R	STM
sample_93	rpoB	S450L	missense_variant	761155	C/T	Assoc_w_R	RIF
sample_93	gyrA	E21Q	missense_variant	7362	G/C	Not_assoc_w_R	MXF
sample_93	gyrA	S95T	missense_variant	7585	G/C	Not_assoc_w_R	MXF
sample_93	gyrA	G668D	missense_variant	9304	G/A	Not_assoc_w_R	MXF
sample_93	mmpL5	I948V	missense_variant	775639	T/C	Not_assoc_w_R	BDQ
sample_93	Rv1979c	a-129g	upstream_gene_variant	2223293	T/C	Not_assoc_w_R	BDQ
sample_93	Rv3083	H22D	missense_variant	3448567	C/G	Uncertain_significance	ETH
sample_93	mmpL5	I948V	missense_variant	775639	T/C	Not_assoc_w_R	CFZ
sample_93	Rv1979c	a-129g	upstream_gene_variant	2223293	T/C	Not_assoc_w_R	CFZ
sample_93	katG	L382R	missense_variant	2154967	A/C	Uncertain_significance	INH
sample_93	ahpC	c-54t	upstream_gene_variant	2726139	C/T	Uncertain_significance	INH
sample_94	whiB6	-74_del_1_gc_g	upstream_gene_variant	4338595	GC/G	Not_assoc_w_R	AMI
sample_94	aftB	K522R	missense_variant	4267272	T/C	Uncertain_significance	AMI
sample_94	gyrA	E21Q	missense_variant	7362	G/C	Not_assoc_w_R	LEV
sample_94	gyrA	S95T	missense_variant	7585	G/C	Not_assoc_w_R	LEV
sample_94	gyrA	G668D	missense_variant	9304	G/A	Not_assoc_w_R	LEV
sample_94	whiB6	-74_del_1_gc_g	upstream_gene_variant	4338595	GC/G	Not_assoc_w_R	CAP
sample_94	aftB	K522R	missense_variant	4267272	T/C	Uncertain_significance	CAP
sample_94	rpsL	t-165c	upstream_gene_variant	781395	T/C	Not_assoc_w_R	STM
sample_94	whiB6	-74_del_1_gc_g	upstream_gene_variant	4338595	GC/G	Not_assoc_w_R	STM
sample_94	rpoB	S450L	missense_variant	761155	C/T	Assoc_w_R	RIF
sample_94	gyrA	E21Q	missense_variant	7362	G/C	Not_assoc_w_R	MXF
sample_94	gyrA	S95T	missense_variant	7585	G/C	Not_assoc_w_R	MXF
sample_94	gyrA	G668D	missense_variant	9304	G/A	Not_assoc_w_R	MXF
sample_94	mmpL5	I948V	missense_variant	775639	T/C	Not_assoc_w_R	BDQ
sample_94	Rv1979c	a-129g	upstream_gene_variant	2223293	T/C	Not_assoc_w_R	BDQ
sample_94	Rv3083	H22D	missense_variant	3448567	C/G	Uncertain_significance	ETH
sample_94	mmpL5	I948V	missense_variant	775639	T/C	Not_assoc_w_R	CFZ
sample_94	Rv1979c	a-129g	upstream_gene_variant	2223293	T/C	Not_assoc_w_R	CFZ
sample_95	whiB6	-74_del_1_gc_g	upstream_gene_variant	4338595	GC/G	Not_assoc_w_R	AMI
sample_95	whiB7	V3A	missense_variant	3568672	A/G	Uncertain_significance	AMI
sample_95	whiB7	t-386c	upstream_gene_variant	3569065	A/G	Uncertain_significance	AMI
sample_95	whiB6	V79G	missense_variant	4338286	A/C	Uncertain_significance	AMI
sample_95	gyrA	E21Q	missense_variant	7362	G/C	Not_assoc_w_R	LEV
sample_95	gyrA	S95T	missense_variant	7585	G/C	Not_assoc_w_R	LEV
sample_95	gyrA	G668D	missense_variant	9304	G/A	Not_assoc_w_R	LEV
sample_95	whiB6	-74_del_1_gc_g	upstream_gene_variant	4338595	GC/G	Not_assoc_w_R	CAP
sample_95	whiB6	V79G	missense_variant	4338286	A/C	Uncertain_significance	CAP
sample_95	rpsL	t-165c	upstream_gene_variant	781395	T/C	Not_assoc_w_R	STM
sample_95	whiB6	-74_del_1_gc_g	upstream_gene_variant	4338595	GC/G	Not_assoc_w_R	STM
sample_95	gid	L16R	missense_variant	4408156	A/C	Not_assoc_w_R	STM
sample_95	whiB7	t-386c	upstream_gene_variant	3569065	A/G	Uncertain_significance	STM
sample_95	whiB6	V79G	missense_variant	4338286	A/C	Uncertain_significance	STM
sample_95	gid	G76S	missense_variant	4407977	C/T	Uncertain_significance	STM
sample_95	rpoB	S450L	missense_variant	761155	C/T	Assoc_w_R	RIF
sample_95	gyrA	E21Q	missense_variant	7362	G/C	Not_assoc_w_R	MXF
sample_95	gyrA	S95T	missense_variant	7585	G/C	Not_assoc_w_R	MXF
sample_95	gyrA	G668D	missense_variant	9304	G/A	Not_assoc_w_R	MXF
sample_95	mmpL5	I948V	missense_variant	775639	T/C	Not_assoc_w_R	BDQ
sample_95	Rv1979c	a-129g	upstream_gene_variant	2223293	T/C	Not_assoc_w_R	BDQ
sample_95	fabG1	c-15t	upstream_gene_variant	1673425	C/T	Assoc_w_R	ETH
sample_95	inhA	c-777t	upstream_gene_variant	1673425	C/T	Assoc_w_R	ETH
sample_95	mmpL5	I948V	missense_variant	775639	T/C	Not_assoc_w_R	CFZ
sample_95	Rv1979c	a-129g	upstream_gene_variant	2223293	T/C	Not_assoc_w_R	CFZ
sample_95	fabG1	c-15t	upstream_gene_variant	1673425	C/T	Assoc_w_R	INH
sample_95	inhA	c-777t	upstream_gene_variant	1673425	C/T	Assoc_w_R	INH
sample_95	katG	G285D	missense_variant	2155258	C/T	Uncertain_significance	INH
sample_96	whiB6	-74_del_1_gc_g	upstream_gene_variant	4338595	GC/G	Not_assoc_w_R	AMI
sample_96	aftB	K522R	missense_variant	4267272	T/C	Uncertain_significance	AMI
sample_96	gyrA	E21Q	missense_variant	7362	G/C	Not_assoc_w_R	LEV
sample_96	gyrA	S95T	missense_variant	7585	G/C	Not_assoc_w_R	LEV
sample_96	gyrA	G668D	missense_variant	9304	G/A	Not_assoc_w_R	LEV
sample_96	whiB6	-74_del_1_gc_g	upstream_gene_variant	4338595	GC/G	Not_assoc_w_R	CAP
sample_96	aftB	K522R	missense_variant	4267272	T/C	Uncertain_significance	CAP
sample_96	rpsL	t-165c	upstream_gene_variant	781395	T/C	Not_assoc_w_R	STM
sample_96	whiB6	-74_del_1_gc_g	upstream_gene_variant	4338595	GC/G	Not_assoc_w_R	STM
sample_96	rpoB	H445Y	missense_variant	761139	C/T	Assoc_w_R	RIF
sample_96	gyrA	E21Q	missense_variant	7362	G/C	Not_assoc_w_R	MXF
sample_96	gyrA	S95T	missense_variant	7585	G/C	Not_assoc_w_R	MXF
sample_96	gyrA	G668D	missense_variant	9304	G/A	Not_assoc_w_R	MXF
sample_96	mmpL5	I948V	missense_variant	775639	T/C	Not_assoc_w_R	BDQ
sample_96	Rv1979c	a-129g	upstream_gene_variant	2223293	T/C	Not_assoc_w_R	BDQ
sample_96	fabG1	c-15t	upstream_gene_variant	1673425	C/T	Assoc_w_R	ETH
sample_96	inhA	c-777t	upstream_gene_variant	1673425	C/T	Assoc_w_R	ETH
sample_96	Rv3083	H22D	missense_variant	3448567	C/G	Uncertain_significance	ETH
sample_96	mmpL5	I948V	missense_variant	775639	T/C	Not_assoc_w_R	CFZ
sample_96	Rv1979c	a-129g	upstream_gene_variant	2223293	T/C	Not_assoc_w_R	CFZ
sample_96	fabG1	c-15t	upstream_gene_variant	1673425	C/T	Assoc_w_R	INH
sample_96	inhA	c-777t	upstream_gene_variant	1673425	C/T	Assoc_w_R	INH
sample_96	katG	M176I	missense_variant	2155584	C/T	Uncertain_significance	INH
